,Tb_model,Tb_mod_n,TimeStamp,epoc
0,135.8464185,135.78661830000001,2019-01-27T18:39:21.662351Z,1548632361.0
1,136.1039694,135.97244740000002,2019-01-27T19:39:21.662351Z,1548635961.0
2,136.38262690000002,136.1808219,2019-01-27T20:39:21.662351Z,1548639561.0
3,136.309822,136.0658759,2019-01-27T21:39:21.662351Z,1548643161.0
4,136.25166389999998,135.96516359999998,2019-01-27T22:39:21.662351Z,1548646761.0
5,136.24545369999998,135.91399750000002,2019-01-27T23:39:21.662351Z,1548650361.0
6,136.2479644,135.86812959999997,2019-01-28T00:39:21.662351Z,1548653961.0
7,136.2725108,135.84682959999998,2019-01-28T01:39:21.662351Z,1548657561.0
8,136.2814128,135.8143023,2019-01-28T02:39:21.662351Z,1548661161.0
9,136.219424,135.70700269999998,2019-01-28T03:39:21.662351Z,1548664761.0
10,136.02670769999997,135.4793052,2019-01-28T04:39:21.662351Z,1548668361.0
11,135.88111659999998,135.2956808,2019-01-28T05:39:21.662351Z,1548671961.0
12,135.9961051,135.3490742,2019-01-28T06:39:21.662351Z,1548675561.0
13,135.93716519999998,135.2431573,2019-01-28T07:39:21.662351Z,1548679161.0
14,135.83694640000002,135.1053903,2019-01-28T08:39:21.662351Z,1548682761.0
15,135.93452130000003,135.14379680000002,2019-01-28T09:39:21.662351Z,1548686361.0
16,136.1319843,135.2788184,2019-01-28T10:39:21.662351Z,1548689961.0
17,136.2436775,135.33414299999998,2019-01-28T11:39:21.662351Z,1548693561.0
18,136.3360699,135.3730378,2019-01-28T12:39:21.662351Z,1548697161.0
19,136.300802,135.2939781,2019-01-28T13:39:21.662351Z,1548700761.0
20,136.46105469999998,135.3966659,2019-01-28T14:39:21.662351Z,1548704361.0
21,136.4647663,135.3544733,2019-01-28T15:39:21.662351Z,1548707961.0
22,136.55560680000002,135.3918999,2019-01-28T16:39:21.662351Z,1548711561.0
23,136.62444340000002,135.408392,2019-01-28T17:39:21.662351Z,1548715161.0
24,136.4708217,135.22841330000003,2019-01-28T18:39:21.662351Z,1548718761.0
25,136.5293773,135.24542150000002,2019-01-28T19:39:21.662351Z,1548722361.0
26,136.66962130000002,135.333866,2019-01-28T20:39:21.662351Z,1548725961.0
27,136.84960890000002,135.4655707,2019-01-28T21:39:21.662351Z,1548729561.0
28,136.7928397,135.380074,2019-01-28T22:39:21.662351Z,1548733161.0
29,136.8402941,135.392149,2019-01-28T23:39:21.662351Z,1548736761.0
30,136.8837303,135.3907968,2019-01-29T00:39:21.662351Z,1548740361.0
31,136.9917509,135.4514525,2019-01-29T01:39:21.662351Z,1548743961.0
32,137.1431929,135.5613178,2019-01-29T02:39:21.662351Z,1548747561.0
33,137.3192113,135.6855449,2019-01-29T03:39:21.662351Z,1548751161.0
34,137.3426211,135.675413,2019-01-29T04:39:21.662351Z,1548754761.0
35,137.5127305,135.8057102,2019-01-29T05:39:21.662351Z,1548758361.0
36,137.55079640000002,135.8074966,2019-01-29T06:39:21.662351Z,1548761961.0
37,137.57214330000002,135.8044711,2019-01-29T07:39:21.662351Z,1548765561.0
38,137.7207814,135.9072892,2019-01-29T08:39:21.662351Z,1548769161.0
39,137.8462013,135.9950922,2019-01-29T09:39:21.662351Z,1548772761.0
40,138.0759267,136.1794382,2019-01-29T10:39:21.662351Z,1548776361.0
41,138.1790871,136.25174119999997,2019-01-29T11:39:21.662351Z,1548779961.0
42,138.12905580000003,136.1785717,2019-01-29T12:39:21.662351Z,1548783561.0
43,138.16334809999998,136.192029,2019-01-29T13:39:21.662351Z,1548787161.0
44,138.17751859999998,136.1823608,2019-01-29T14:39:21.662351Z,1548790761.0
45,138.2032807,136.18100980000003,2019-01-29T15:39:21.662351Z,1548794361.0
46,138.45617380000002,136.38793940000002,2019-01-29T16:39:21.662351Z,1548797961.0
47,138.44268069999998,136.3503386,2019-01-29T17:39:21.662351Z,1548801561.0
48,138.7605679,136.62199109999997,2019-01-29T18:39:21.662351Z,1548805161.0
49,138.8225977,136.6549696,2019-01-29T19:39:21.662351Z,1548808761.0
50,139.1032988,136.891202,2019-01-29T20:39:21.662351Z,1548812361.0
51,139.24905890000002,137.0027928,2019-01-29T21:39:21.662351Z,1548815961.0
52,139.3021737,137.02712490000002,2019-01-29T22:39:21.662351Z,1548819561.0
53,139.2803892,136.9770836,2019-01-29T23:39:21.662351Z,1548823161.0
54,139.3779263,137.0445585,2019-01-30T00:39:21.662351Z,1548826761.0
55,139.44475369999998,137.08636330000002,2019-01-30T01:39:21.662351Z,1548830361.0
56,139.3047098,136.9347185,2019-01-30T02:39:21.662351Z,1548833961.0
57,139.291084,136.8993594,2019-01-30T03:39:21.662351Z,1548837561.0
58,139.3968739,136.97594530000003,2019-01-30T04:39:21.662351Z,1548841161.0
59,139.5586185,137.0995224,2019-01-30T05:39:21.662351Z,1548844761.0
60,139.3220795,136.8519202,2019-01-30T06:39:21.662351Z,1548848361.0
61,139.1479872,136.6607059,2019-01-30T07:39:21.662351Z,1548851961.0
62,139.1568154,136.6464565,2019-01-30T08:39:21.662351Z,1548855561.0
63,139.2494379,136.70867880000003,2019-01-30T09:39:21.662351Z,1548859161.0
64,139.2351005,136.67316540000002,2019-01-30T10:39:21.662351Z,1548862761.0
65,139.2002325,136.61464919999997,2019-01-30T11:39:21.662351Z,1548866361.0
66,139.3050996,136.6887385,2019-01-30T12:39:21.662351Z,1548869961.0
67,139.0642247,136.4384126,2019-01-30T13:39:21.662351Z,1548873561.0
68,138.9007291,136.26166369999999,2019-01-30T14:39:21.662351Z,1548877161.0
69,138.8106939,136.15375769999997,2019-01-30T15:39:21.662351Z,1548880761.0
70,138.8087793,136.1226235,2019-01-30T16:39:21.662351Z,1548884361.0
71,138.6362006,135.94042199999998,2019-01-30T17:39:21.662351Z,1548887961.0
72,138.6681731,135.9507279,2019-01-30T18:39:21.662351Z,1548891561.0
73,138.60255469999998,135.8614996,2019-01-30T19:39:21.662351Z,1548895161.0
74,138.6202159,135.8607111,2019-01-30T20:39:21.662351Z,1548898761.0
75,138.44649209999997,135.6807872,2019-01-30T21:39:21.662351Z,1548902361.0
76,138.5124195,135.7179481,2019-01-30T22:39:21.662351Z,1548905961.0
77,138.33344259999998,135.5289502,2019-01-30T23:39:21.662351Z,1548909561.0
78,138.2776736,135.4606872,2019-01-31T00:39:21.662351Z,1548913161.0
79,138.32709069999999,135.49036850000002,2019-01-31T01:39:21.662351Z,1548916761.0
80,138.3738739,135.5084062,2019-01-31T02:39:21.662351Z,1548920361.0
81,138.4178009,135.52847549999998,2019-01-31T03:39:21.662351Z,1548923961.0
82,138.52767680000002,135.6116855,2019-01-31T04:39:21.662351Z,1548927561.0
83,138.62394369999998,135.6842239,2019-01-31T05:39:21.662351Z,1548931161.0
84,138.484988,135.5420602,2019-01-31T06:39:21.662351Z,1548934761.0
85,138.54414640000002,135.5823031,2019-01-31T07:39:21.662351Z,1548938361.0
86,138.60616230000002,135.62020619999998,2019-01-31T08:39:21.662351Z,1548941961.0
87,138.61167869999997,135.6087451,2019-01-31T09:39:21.662351Z,1548945561.0
88,138.7306126,135.7023248,2019-01-31T10:39:21.662351Z,1548949161.0
89,138.74486100000001,135.7095181,2019-01-31T11:39:21.662351Z,1548952761.0
90,138.7582366,135.7116471,2019-01-31T12:39:21.662351Z,1548956361.0
91,138.79409819999998,135.73237,2019-01-31T13:39:21.662351Z,1548959961.0
92,138.8172256,135.7373455,2019-01-31T14:39:21.662351Z,1548963561.0
93,138.7967052,135.70859480000001,2019-01-31T15:39:21.662351Z,1548967161.0
94,138.76512769999997,135.67331869999998,2019-01-31T16:39:21.662351Z,1548970761.0
95,138.75552230000002,135.6482625,2019-01-31T17:39:21.662351Z,1548974361.0
96,138.6613325,135.55150830000002,2019-01-31T18:39:21.662351Z,1548977961.0
97,138.7517166,135.62666950000002,2019-01-31T19:39:21.662351Z,1548981561.0
98,138.65602280000002,135.5274569,2019-01-31T20:39:21.662351Z,1548985161.0
99,138.5921438,135.45968180000003,2019-01-31T21:39:21.662351Z,1548988761.0
100,138.51377250000002,135.33397639999998,2019-01-31T22:39:21.662351Z,1548992361.0
101,138.75716730000002,135.4763939,2019-01-31T23:39:21.662351Z,1548995961.0
102,139.04535380000002,135.6662341,2019-02-01T00:39:21.662351Z,1548999561.0
103,139.10254650000002,135.6473844,2019-02-01T01:39:21.662351Z,1549003161.0
104,139.32500430000002,135.78457590000002,2019-02-01T02:39:21.662351Z,1549006761.0
105,139.32085469999998,135.7309119,2019-02-01T03:39:21.662351Z,1549010361.0
106,139.5740609,135.8855858,2019-02-01T04:39:21.662351Z,1549013961.0
107,139.41187040000003,135.68285,2019-02-01T05:39:21.662351Z,1549017561.0
108,139.4018043,135.614399,2019-02-01T06:39:21.662351Z,1549021161.0
109,139.5215677,135.65415259999997,2019-02-01T07:39:21.662351Z,1549024761.0
110,139.6685831,135.7197196,2019-02-01T08:39:21.662351Z,1549028361.0
111,139.7240863,135.71791299999998,2019-02-01T09:39:21.662351Z,1549031961.0
112,139.81944950000002,135.72892969999998,2019-02-01T10:39:21.662351Z,1549035561.0
113,139.81873330000002,135.66043359999998,2019-02-01T11:39:21.662351Z,1549039161.0
114,139.6662061,135.462675,2019-02-01T12:39:21.662351Z,1549042761.0
115,139.8175658,135.52210480000002,2019-02-01T13:39:21.662351Z,1549046361.0
116,139.7088379,135.37648149999998,2019-02-01T14:39:21.662351Z,1549049961.0
117,139.66233359999998,135.2777162,2019-02-01T15:39:21.662351Z,1549053561.0
118,139.6936523,135.2422311,2019-02-01T16:39:21.662351Z,1549057161.0
119,139.5539905,135.07755669999997,2019-02-01T17:39:21.662351Z,1549060761.0
120,139.47352990000002,134.95983869999998,2019-02-01T18:39:21.662351Z,1549064361.0
121,139.42753100000002,134.878433,2019-02-01T19:39:21.662351Z,1549067961.0
122,139.5018378,134.8977581,2019-02-01T20:39:21.662351Z,1549071561.0
123,139.516129,134.8570481,2019-02-01T21:39:21.662351Z,1549075161.0
124,139.5246551,134.8291793,2019-02-01T22:39:21.662351Z,1549078761.0
125,139.7748251,134.99875690000002,2019-02-01T23:39:21.662351Z,1549082361.0
126,139.7446081,134.94159069999998,2019-02-02T00:39:21.662351Z,1549085961.0
127,139.95562280000001,135.0695603,2019-02-02T01:39:21.662351Z,1549089561.0
128,140.0603721,135.118764,2019-02-02T02:39:21.662351Z,1549093161.0
129,140.24657230000003,135.2334848,2019-02-02T03:39:21.662351Z,1549096761.0
130,140.2688708,135.2055014,2019-02-02T04:39:21.662351Z,1549100361.0
131,140.2386475,135.14615,2019-02-02T05:39:21.662351Z,1549103961.0
132,140.1708364,135.05864640000001,2019-02-02T06:39:21.662351Z,1549107561.0
133,140.1804762,135.0280957,2019-02-02T07:39:21.662351Z,1549111161.0
134,140.2197529,135.0390998,2019-02-02T08:39:21.662351Z,1549114761.0
135,140.1757045,134.96276819999997,2019-02-02T09:39:21.662351Z,1549118361.0
136,140.3168249,135.0455554,2019-02-02T10:39:21.662351Z,1549121961.0
137,140.5553746,135.214855,2019-02-02T11:39:21.662351Z,1549125561.0
138,140.8494517,135.4432905,2019-02-02T12:39:21.662351Z,1549129161.0
139,140.94644350000002,135.49233590000003,2019-02-02T13:39:21.662351Z,1549132761.0
140,141.04934939999998,135.5620385,2019-02-02T14:39:21.662351Z,1549136361.0
141,141.09683090000001,135.56870519999998,2019-02-02T15:39:21.662351Z,1549139961.0
142,141.188398,135.6098129,2019-02-02T16:39:21.662351Z,1549143561.0
143,141.2729379,135.6457366,2019-02-02T17:39:21.662351Z,1549147161.0
144,141.4696601,135.78483830000002,2019-02-02T18:39:21.662351Z,1549150761.0
145,141.4915237,135.78066330000001,2019-02-02T19:39:21.662351Z,1549154361.0
146,141.5241824,135.7933323,2019-02-02T20:39:21.662351Z,1549157961.0
147,141.5891884,135.82538169999998,2019-02-02T21:39:21.662351Z,1549161561.0
148,141.6093988,135.8092995,2019-02-02T22:39:21.662351Z,1549165161.0
149,141.7124906,135.8774525,2019-02-02T23:39:21.662351Z,1549168761.0
150,141.72914719999997,135.86434640000002,2019-02-03T00:39:21.662351Z,1549172361.0
151,142.0130872,135.9937621,2019-02-03T01:39:21.662351Z,1549175961.0
152,141.9028648,135.8092343,2019-02-03T02:39:21.662351Z,1549179561.0
153,141.944623,135.7485392,2019-02-03T03:39:21.662351Z,1549183161.0
154,141.8810034,135.6077392,2019-02-03T04:39:21.662351Z,1549186761.0
155,141.7280472,135.3866643,2019-02-03T05:39:21.662351Z,1549190361.0
156,142.0068976,135.5033769,2019-02-03T06:39:21.662351Z,1549193961.0
157,141.9942347,135.39084340000002,2019-02-03T07:39:21.662351Z,1549197561.0
158,142.215569,135.4577895,2019-02-03T08:39:21.662351Z,1549201161.0
159,142.1837042,135.3291237,2019-02-03T09:39:21.662351Z,1549204761.0
160,142.1233693,135.1835676,2019-02-03T10:39:21.662351Z,1549208361.0
161,142.14054109999998,135.1094762,2019-02-03T11:39:21.662351Z,1549211961.0
162,142.166673,135.0382402,2019-02-03T12:39:21.662351Z,1549215561.0
163,142.2571303,135.0195558,2019-02-03T13:39:21.662351Z,1549219161.0
164,142.3973622,135.02590039999998,2019-02-03T14:39:21.662351Z,1549222761.0
165,142.5031171,135.0182146,2019-02-03T15:39:21.662351Z,1549226361.0
166,142.2889134,134.75431980000002,2019-02-03T16:39:21.662351Z,1549229961.0
167,142.1604941,134.5685486,2019-02-03T17:39:21.662351Z,1549233561.0
168,142.4286439,134.6872745,2019-02-03T18:39:21.662351Z,1549237161.0
169,142.59632549999998,134.72915749999999,2019-02-03T19:39:21.662351Z,1549240761.0
170,142.8080571,134.8069819,2019-02-03T20:39:21.662351Z,1549244361.0
171,142.748307,134.6916842,2019-02-03T21:39:21.662351Z,1549247961.0
172,143.0072056,134.8180528,2019-02-03T22:39:21.662351Z,1549251561.0
173,142.9910132,134.73413530000002,2019-02-03T23:39:21.662351Z,1549255161.0
174,143.0580938,134.70971730000002,2019-02-04T00:39:21.662351Z,1549258761.0
175,143.1889548,134.7385869,2019-02-04T01:39:21.662351Z,1549262361.0
176,143.3956906,134.8266608,2019-02-04T02:39:21.662351Z,1549265961.0
177,143.48870569999997,134.832291,2019-02-04T03:39:21.662351Z,1549269561.0
178,143.6278356,134.870921,2019-02-04T04:39:21.662351Z,1549273161.0
179,143.80458259999997,134.9530254,2019-02-04T05:39:21.662351Z,1549276761.0
180,143.83038969999998,134.9161459,2019-02-04T06:39:21.662351Z,1549280361.0
181,144.1087028,135.0734903,2019-02-04T07:39:21.662351Z,1549283961.0
182,144.1641947,135.0554839,2019-02-04T08:39:21.662351Z,1549287561.0
183,144.13236750000002,134.98013410000001,2019-02-04T09:39:21.662351Z,1549291161.0
184,144.3081987,135.0753248,2019-02-04T10:39:21.662351Z,1549294761.0
185,144.2514086,134.98377030000003,2019-02-04T11:39:21.662351Z,1549298361.0
186,144.4946238,135.1153615,2019-02-04T12:39:21.662351Z,1549301961.0
187,144.678144,135.20725900000002,2019-02-04T13:39:21.662351Z,1549305561.0
188,144.63778100000002,135.12837919999998,2019-02-04T14:39:21.662351Z,1549309161.0
189,144.83362340000002,135.23977130000003,2019-02-04T15:39:21.662351Z,1549312761.0
190,145.15012119999997,135.43859609999998,2019-02-04T16:39:21.662351Z,1549316361.0
191,145.2182212,135.4371951,2019-02-04T17:39:21.662351Z,1549319961.0
192,145.49471369999998,135.6061343,2019-02-04T18:39:21.662351Z,1549323561.0
193,145.79456389999999,135.8027324,2019-02-04T19:39:21.662351Z,1549327161.0
194,145.81647959999998,135.7688656,2019-02-04T20:39:21.662351Z,1549330761.0
195,145.9652782,135.84665269999996,2019-02-04T21:39:21.662351Z,1549334361.0
196,146.17261519999997,135.9487244,2019-02-04T22:39:21.662351Z,1549337961.0
197,146.4861001,136.1462194,2019-02-04T23:39:21.662351Z,1549341561.0
198,146.7248274,136.2900078,2019-02-05T00:39:21.662351Z,1549345161.0
199,146.61217240000002,136.1462661,2019-02-05T01:39:21.662351Z,1549348761.0
200,146.6896481,136.1611689,2019-02-05T02:39:21.662351Z,1549352361.0
201,146.62324990000002,136.05436890000001,2019-02-05T03:39:21.662351Z,1549355961.0
202,146.58333180000002,135.98027199999999,2019-02-05T04:39:21.662351Z,1549359561.0
203,146.80742560000002,136.10248049999998,2019-02-05T05:39:21.662351Z,1549363161.0
204,147.01932230000003,136.2165155,2019-02-05T06:39:21.662351Z,1549366761.0
205,146.9168533,136.08137319999997,2019-02-05T07:39:21.662351Z,1549370361.0
206,146.7548524,135.8914041,2019-02-05T08:39:21.662351Z,1549373961.0
207,146.6676509,135.75769519999997,2019-02-05T09:39:21.662351Z,1549377561.0
208,146.64837509999998,135.6920036,2019-02-05T10:39:21.662351Z,1549381161.0
209,146.6804715,135.6572852,2019-02-05T11:39:21.662351Z,1549384761.0
210,146.688264,135.6124364,2019-02-05T12:39:21.662351Z,1549388361.0
211,146.5981,135.49346,2019-02-05T13:39:21.662351Z,1549391961.0
212,146.46161,135.33909119999998,2019-02-05T14:39:21.662351Z,1549395561.0
213,146.5372554,135.3460017,2019-02-05T15:39:21.662351Z,1549399161.0
214,146.63076809999998,135.3652606,2019-02-05T16:39:21.662351Z,1549402761.0
215,146.3872865,135.1187773,2019-02-05T17:39:21.662351Z,1549406361.0
216,146.256278,134.958991,2019-02-05T18:39:21.662351Z,1549409961.0
217,146.44897,135.05686780000002,2019-02-05T19:39:21.662351Z,1549413561.0
218,146.4976235,135.0430313,2019-02-05T20:39:21.662351Z,1549417161.0
219,146.6285977,135.1002648,2019-02-05T21:39:21.662351Z,1549420761.0
220,146.4425064,134.9092202,2019-02-05T22:39:21.662351Z,1549424361.0
221,146.2626869,134.72523030000002,2019-02-05T23:39:21.662351Z,1549427961.0
222,146.3298426,134.7334081,2019-02-06T00:39:21.662351Z,1549431561.0
223,146.1658253,134.56415800000002,2019-02-06T01:39:21.662351Z,1549435161.0
224,146.1562878,134.5284158,2019-02-06T02:39:21.662351Z,1549438761.0
225,146.34546519999998,134.651659,2019-02-06T03:39:21.662351Z,1549442361.0
226,146.59879740000002,134.8275885,2019-02-06T04:39:21.662351Z,1549445961.0
227,146.43098080000001,134.66239850000002,2019-02-06T05:39:21.662351Z,1549449561.0
228,146.6607763,134.814826,2019-02-06T06:39:21.662351Z,1549453161.0
229,146.67571709999999,134.8060374,2019-02-06T07:39:21.662351Z,1549456761.0
230,146.6737207,134.7722855,2019-02-06T08:39:21.662351Z,1549460361.0
231,146.64338519999998,134.7232743,2019-02-06T09:39:21.662351Z,1549463961.0
232,146.5939468,134.670682,2019-02-06T10:39:21.662351Z,1549467561.0
233,146.602302,134.6494007,2019-02-06T11:39:21.662351Z,1549471161.0
234,146.6068369,134.63254919999997,2019-02-06T12:39:21.662351Z,1549474761.0
235,146.6857791,134.6806092,2019-02-06T13:39:21.662351Z,1549478361.0
236,146.6746794,134.6512436,2019-02-06T14:39:21.662351Z,1549481961.0
237,146.82389009999997,134.7490884,2019-02-06T15:39:21.662351Z,1549485561.0
238,146.8029086,134.7225263,2019-02-06T16:39:21.662351Z,1549489161.0
239,147.19878219999998,135.0201014,2019-02-06T17:39:21.662351Z,1549492761.0
240,147.2246487,135.0193626,2019-02-06T18:39:21.662351Z,1549496361.0
241,147.162922,134.9573435,2019-02-06T19:39:21.662351Z,1549499961.0
242,147.49111630000002,135.1926709,2019-02-06T20:39:21.662351Z,1549503561.0
243,147.3756725,135.07395459999998,2019-02-06T21:39:21.662351Z,1549507161.0
244,147.5984142,135.2205421,2019-02-06T22:39:21.662351Z,1549510761.0
245,147.54771630000002,135.1660669,2019-02-06T23:39:21.662351Z,1549514361.0
246,147.7582747,135.3120892,2019-02-07T00:39:21.662351Z,1549517961.0
247,147.9575482,135.4345135,2019-02-07T01:39:21.662351Z,1549521561.0
248,147.89535669999998,135.361692,2019-02-07T02:39:21.662351Z,1549525161.0
249,147.83015690000002,135.2715586,2019-02-07T03:39:21.662351Z,1549528761.0
250,147.8505227,135.2637698,2019-02-07T04:39:21.662351Z,1549532361.0
251,148.05684499999998,135.3882851,2019-02-07T05:39:21.662351Z,1549535961.0
252,147.9429241,135.2711606,2019-02-07T06:39:21.662351Z,1549539561.0
253,147.7720085,135.1012482,2019-02-07T07:39:21.662351Z,1549543161.0
254,147.94074550000002,135.1921863,2019-02-07T08:39:21.662351Z,1549546761.0
255,148.1632305,135.336897,2019-02-07T09:39:21.662351Z,1549550361.0
256,147.9587926,135.1339727,2019-02-07T10:39:21.662351Z,1549553961.0
257,147.9108205,135.0502034,2019-02-07T11:39:21.662351Z,1549557561.0
258,148.1663706,135.2193009,2019-02-07T12:39:21.662351Z,1549561161.0
259,147.9848395,135.043522,2019-02-07T13:39:21.662351Z,1549564761.0
260,147.9802971,135.0113515,2019-02-07T14:39:21.662351Z,1549568361.0
261,147.9935044,134.9958611,2019-02-07T15:39:21.662351Z,1549571961.0
262,148.03414730000003,134.9860078,2019-02-07T16:39:21.662351Z,1549575561.0
263,148.1360517,135.03822380000003,2019-02-07T17:39:21.662351Z,1549579161.0
264,147.89497690000002,134.8116529,2019-02-07T18:39:21.662351Z,1549582761.0
265,147.8570425,134.7533642,2019-02-07T19:39:21.662351Z,1549586361.0
266,148.0610418,134.888749,2019-02-07T20:39:21.662351Z,1549589961.0
267,148.11240680000003,134.905719,2019-02-07T21:39:21.662351Z,1549593561.0
268,148.2614806,134.9908754,2019-02-07T22:39:21.662351Z,1549597161.0
269,148.09617269999998,134.84222409999998,2019-02-07T23:39:21.662351Z,1549600761.0
270,148.25670549999998,134.9549031,2019-02-08T00:39:21.662351Z,1549604361.0
271,148.3065325,134.977393,2019-02-08T01:39:21.662351Z,1549607961.0
272,148.2628566,134.91912230000003,2019-02-08T02:39:21.662351Z,1549611561.0
273,148.1508729,134.814429,2019-02-08T03:39:21.662351Z,1549615161.0
274,148.0178774,134.6875665,2019-02-08T04:39:21.662351Z,1549618761.0
275,148.07173480000003,134.7193586,2019-02-08T05:39:21.662351Z,1549622361.0
276,148.0525251,134.6892304,2019-02-08T06:39:21.662351Z,1549625961.0
277,148.016901,134.6469633,2019-02-08T07:39:21.662351Z,1549629561.0
278,147.9188698,134.563901,2019-02-08T08:39:21.662351Z,1549633161.0
279,147.93147119999998,134.5678806,2019-02-08T09:39:21.662351Z,1549636761.0
280,148.0787986,134.6759265,2019-02-08T10:39:21.662351Z,1549640361.0
281,148.1668982,134.73316830000002,2019-02-08T11:39:21.662351Z,1549643961.0
282,148.2557188,134.80407580000002,2019-02-08T12:39:21.662351Z,1549647561.0
283,148.40417649999998,134.908489,2019-02-08T13:39:21.662351Z,1549651161.0
284,148.62429780000002,135.084653,2019-02-08T14:39:21.662351Z,1549654761.0
285,148.8299304,135.2495954,2019-02-08T15:39:21.662351Z,1549658361.0
286,148.8401699,135.25907469999999,2019-02-08T16:39:21.662351Z,1549661961.0
287,149.0277881,135.3989426,2019-02-08T17:39:21.662351Z,1549665561.0
288,149.1026503,135.4586606,2019-02-08T18:39:21.662351Z,1549669161.0
289,149.3614132,135.6625879,2019-02-08T19:39:21.662351Z,1549672761.0
290,149.3718484,135.6578716,2019-02-08T20:39:21.662351Z,1549676361.0
291,149.341497,135.6238875,2019-02-08T21:39:21.662351Z,1549679961.0
292,149.5832446,135.8015756,2019-02-08T22:39:21.662351Z,1549683561.0
293,149.7232858,135.9065524,2019-02-08T23:39:21.662351Z,1549687161.0
294,149.7956352,135.94097119999998,2019-02-09T00:39:21.662351Z,1549690761.0
295,149.8486294,135.9637544,2019-02-09T01:39:21.662351Z,1549694361.0
296,149.8409923,135.9504025,2019-02-09T02:39:21.662351Z,1549697961.0
297,149.6780179,135.8111035,2019-02-09T03:39:21.662351Z,1549701561.0
298,149.4136792,135.5779866,2019-02-09T04:39:21.662351Z,1549705161.0
299,149.28275369999997,135.4638208,2019-02-09T05:39:21.662351Z,1549708761.0
300,149.4650321,135.54785669999998,2019-02-09T06:39:21.662351Z,1549712361.0
301,149.3824937,135.4405039,2019-02-09T07:39:21.662351Z,1549715961.0
302,149.5077123,135.4749293,2019-02-09T08:39:21.662351Z,1549719561.0
303,149.4056559,135.3395053,2019-02-09T09:39:21.662351Z,1549723161.0
304,149.4426316,135.30310669999997,2019-02-09T10:39:21.662351Z,1549726761.0
305,149.57207590000002,135.3349382,2019-02-09T11:39:21.662351Z,1549730361.0
306,149.44979419999999,135.186589,2019-02-09T12:39:21.662351Z,1549733961.0
307,149.4196257,135.119664,2019-02-09T13:39:21.662351Z,1549737561.0
308,149.38985309999998,135.047639,2019-02-09T14:39:21.662351Z,1549741161.0
309,149.6962767,135.23092409999998,2019-02-09T15:39:21.662351Z,1549744761.0
310,149.5532801,135.0758244,2019-02-09T16:39:21.662351Z,1549748361.0
311,149.5514925,135.0173104,2019-02-09T17:39:21.662351Z,1549751961.0
312,149.728811,135.0967497,2019-02-09T18:39:21.662351Z,1549755561.0
313,149.72280469999998,135.0496821,2019-02-09T19:39:21.662351Z,1549759161.0
314,149.5497967,134.8674739,2019-02-09T20:39:21.662351Z,1549762761.0
315,149.68054619999998,134.9169263,2019-02-09T21:39:21.662351Z,1549766361.0
316,149.5955629,134.80944730000002,2019-02-09T22:39:21.662351Z,1549769961.0
317,149.6071347,134.77027780000003,2019-02-09T23:39:21.662351Z,1549773561.0
318,149.8168926,134.89245269999998,2019-02-10T00:39:21.662351Z,1549777161.0
319,150.0362386,135.0125549,2019-02-10T01:39:21.662351Z,1549780761.0
320,149.975888,134.935334,2019-02-10T02:39:21.662351Z,1549784361.0
321,150.21515209999998,135.090924,2019-02-10T03:39:21.662351Z,1549787961.0
322,150.1451171,135.0051133,2019-02-10T04:39:21.662351Z,1549791561.0
323,150.0917862,134.9335501,2019-02-10T05:39:21.662351Z,1549795161.0
324,149.99693080000003,134.83069719999997,2019-02-10T06:39:21.662351Z,1549798761.0
325,150.02899730000001,134.8316754,2019-02-10T07:39:21.662351Z,1549802361.0
326,150.2942584,135.0036362,2019-02-10T08:39:21.662351Z,1549805961.0
327,150.336916,135.0242665,2019-02-10T09:39:21.662351Z,1549809561.0
328,150.5027795,135.1300004,2019-02-10T10:39:21.662351Z,1549813161.0
329,150.68081980000002,135.2385263,2019-02-10T11:39:21.662351Z,1549816761.0
330,150.60466019999998,135.1694621,2019-02-10T12:39:21.662351Z,1549820361.0
331,150.7045069,135.22232590000002,2019-02-10T13:39:21.662351Z,1549823961.0
332,150.6885933,135.2018874,2019-02-10T14:39:21.662351Z,1549827561.0
333,150.6917244,135.1846417,2019-02-10T15:39:21.662351Z,1549831161.0
334,151.0551278,135.4464387,2019-02-10T16:39:21.662351Z,1549834761.0
335,151.279507,135.5971493,2019-02-10T17:39:21.662351Z,1549838361.0
336,151.3191626,135.6072679,2019-02-10T18:39:21.662351Z,1549841961.0
337,151.46845980000003,135.69266969999998,2019-02-10T19:39:21.662351Z,1549845561.0
338,151.57984330000002,135.74757030000004,2019-02-10T20:39:21.662351Z,1549849161.0
339,151.6951769,135.80855730000002,2019-02-10T21:39:21.662351Z,1549852761.0
340,151.8869222,135.9283602,2019-02-10T22:39:21.662351Z,1549856361.0
341,151.8257641,135.8655454,2019-02-10T23:39:21.662351Z,1549859961.0
342,152.0424276,136.0064007,2019-02-11T00:39:21.662351Z,1549863561.0
343,152.2866766,136.16236899999998,2019-02-11T01:39:21.662351Z,1549867161.0
344,152.20230800000002,136.0790142,2019-02-11T02:39:21.662351Z,1549870761.0
345,152.06648049999998,135.9524385,2019-02-11T03:39:21.662351Z,1549874361.0
346,152.0547884,135.91327009999998,2019-02-11T04:39:21.662351Z,1549877961.0
347,152.1932435,135.9841112,2019-02-11T05:39:21.662351Z,1549881561.0
348,152.236075,135.98688930000003,2019-02-11T06:39:21.662351Z,1549885161.0
349,152.0032709,135.77781299999998,2019-02-11T07:39:21.662351Z,1549888761.0
350,151.924743,135.68010280000001,2019-02-11T08:39:21.662351Z,1549892361.0
351,151.9923743,135.6877564,2019-02-11T09:39:21.662351Z,1549895961.0
352,151.87979819999998,135.57771630000002,2019-02-11T10:39:21.662351Z,1549899561.0
353,152.08151940000002,135.6963011,2019-02-11T11:39:21.662351Z,1549903161.0
354,151.8564939,135.4893102,2019-02-11T12:39:21.662351Z,1549906761.0
355,151.93642659999998,135.5159539,2019-02-11T13:39:21.662351Z,1549910361.0
356,151.97492419999998,135.50946100000002,2019-02-11T14:39:21.662351Z,1549913961.0
357,151.85587019999997,135.3770728,2019-02-11T15:39:21.662351Z,1549917561.0
358,151.8102355,135.3152596,2019-02-11T16:39:21.662351Z,1549921161.0
359,151.84848689999998,135.30661980000002,2019-02-11T17:39:21.662351Z,1549924761.0
360,151.8740822,135.2994986,2019-02-11T18:39:21.662351Z,1549928361.0
361,151.964909,135.339848,2019-02-11T19:39:21.662351Z,1549931961.0
362,151.86228559999998,135.245247,2019-02-11T20:39:21.662351Z,1549935561.0
363,151.73704990000002,135.13357040000002,2019-02-11T21:39:21.662351Z,1549939161.0
364,151.567243,134.9781271,2019-02-11T22:39:21.662351Z,1549942761.0
365,151.48999619999998,134.89497580000003,2019-02-11T23:39:21.662351Z,1549946361.0
366,151.40972580000002,134.8234122,2019-02-12T00:39:21.662351Z,1549949961.0
367,151.38812380000002,134.77790269999997,2019-02-12T01:39:21.662351Z,1549953561.0
368,151.6469067,134.9636767,2019-02-12T02:39:21.662351Z,1549957161.0
369,151.4367694,134.783567,2019-02-12T03:39:21.662351Z,1549960761.0
370,151.5605221,134.8590958,2019-02-12T04:39:21.662351Z,1549964361.0
371,151.605455,134.8826762,2019-02-12T05:39:21.662351Z,1549967961.0
372,151.85072780000002,135.05526650000002,2019-02-12T06:39:21.662351Z,1549971561.0
373,151.8496879,135.0571428,2019-02-12T07:39:21.662351Z,1549975161.0
374,151.92603640000002,135.1045062,2019-02-12T08:39:21.662351Z,1549978761.0
375,152.16464919999999,135.2740871,2019-02-12T09:39:21.662351Z,1549982361.0
376,152.14164730000002,135.2560468,2019-02-12T10:39:21.662351Z,1549985961.0
377,152.23711630000003,135.318157,2019-02-12T11:39:21.662351Z,1549989561.0
378,152.1424251,135.2489894,2019-02-12T12:39:21.662351Z,1549993161.0
379,151.9614858,135.10554109999998,2019-02-12T13:39:21.662351Z,1549996761.0
380,151.9938992,135.1328426,2019-02-12T14:39:21.662351Z,1550000361.0
381,152.175,135.2733437,2019-02-12T15:39:21.662351Z,1550003961.0
382,152.27472219999999,135.3516935,2019-02-12T16:39:21.662351Z,1550007561.0
383,152.1064248,135.2142159,2019-02-12T17:39:21.662351Z,1550011161.0
384,152.1624564,135.2446845,2019-02-12T18:39:21.662351Z,1550014761.0
385,152.115994,135.21433019999998,2019-02-12T19:39:21.662351Z,1550018361.0
386,152.02537880000003,135.1327677,2019-02-12T20:39:21.662351Z,1550021961.0
387,151.9250626,135.0574087,2019-02-12T21:39:21.662351Z,1550025561.0
388,151.8149084,134.9586918,2019-02-12T22:39:21.662351Z,1550029161.0
389,152.0139493,135.0884014,2019-02-12T23:39:21.662351Z,1550032761.0
390,152.32819719999998,135.3167663,2019-02-13T00:39:21.662351Z,1550036361.0
391,152.44330019999998,135.3889978,2019-02-13T01:39:21.662351Z,1550039961.0
392,152.42400940000002,135.3567636,2019-02-13T02:39:21.662351Z,1550043561.0
393,152.2338591,135.19279699999998,2019-02-13T03:39:21.662351Z,1550047161.0
394,152.1673486,135.1320566,2019-02-13T04:39:21.662351Z,1550050761.0
395,152.2681999,135.1956889,2019-02-13T05:39:21.662351Z,1550054361.0
396,152.2825033,135.1867915,2019-02-13T06:39:21.662351Z,1550057961.0
397,152.20461459999999,135.11305080000002,2019-02-13T07:39:21.662351Z,1550061561.0
398,151.96898769999999,134.9089377,2019-02-13T08:39:21.662351Z,1550065161.0
399,151.9579033,134.8668111,2019-02-13T09:39:21.662351Z,1550068761.0
400,151.88245590000002,134.7906394,2019-02-13T10:39:21.662351Z,1550072361.0
401,152.0908346,134.9218665,2019-02-13T11:39:21.662351Z,1550075961.0
402,152.05663169999997,134.87239509999998,2019-02-13T12:39:21.662351Z,1550079561.0
403,151.8198189,134.6688207,2019-02-13T13:39:21.662351Z,1550083161.0
404,151.791842,134.61712849999998,2019-02-13T14:39:21.662351Z,1550086761.0
405,151.619549,134.46051809999997,2019-02-13T15:39:21.662351Z,1550090361.0
406,151.7157395,134.5000251,2019-02-13T16:39:21.662351Z,1550093961.0
407,151.8148852,134.55336819999997,2019-02-13T17:39:21.662351Z,1550097561.0
408,151.7213858,134.4687833,2019-02-13T18:39:21.662351Z,1550101161.0
409,151.83431399999998,134.54180580000002,2019-02-13T19:39:21.662351Z,1550104761.0
410,151.65287,134.38106619999996,2019-02-13T20:39:21.662351Z,1550108361.0
411,151.5209241,134.2709273,2019-02-13T21:39:21.662351Z,1550111961.0
412,151.4525874,134.1979491,2019-02-13T22:39:21.662351Z,1550115561.0
413,151.26091530000002,134.0388378,2019-02-13T23:39:21.662351Z,1550119161.0
414,151.4728471,134.1841183,2019-02-14T00:39:21.662351Z,1550122761.0
415,151.5536841,134.23293619999998,2019-02-14T01:39:21.662351Z,1550126361.0
416,151.4295513,134.12869070000002,2019-02-14T02:39:21.662351Z,1550129961.0
417,151.5350679,134.1913588,2019-02-14T03:39:21.662351Z,1550133561.0
418,151.6331136,134.2543451,2019-02-14T04:39:21.662351Z,1550137161.0
419,151.73336909999998,134.32760880000004,2019-02-14T05:39:21.662351Z,1550140761.0
420,151.6822616,134.2931721,2019-02-14T06:39:21.662351Z,1550144361.0
421,151.8626604,134.42272930000001,2019-02-14T07:39:21.662351Z,1550147961.0
422,151.876072,134.4432852,2019-02-14T08:39:21.662351Z,1550151561.0
423,151.7151701,134.31927009999998,2019-02-14T09:39:21.662351Z,1550155161.0
424,151.9689749,134.52078500000002,2019-02-14T10:39:21.662351Z,1550158761.0
425,151.97070480000002,134.5184057,2019-02-14T11:39:21.662351Z,1550162361.0
426,152.1526582,134.6602977,2019-02-14T12:39:21.662351Z,1550165961.0
427,152.09692330000001,134.6294241,2019-02-14T13:39:21.662351Z,1550169561.0
428,152.3792626,134.84890990000002,2019-02-14T14:39:21.662351Z,1550173161.0
429,152.5495435,134.984653,2019-02-14T15:39:21.662351Z,1550176761.0
430,152.4431168,134.90568090000002,2019-02-14T16:39:21.662351Z,1550180361.0
431,152.7333526,135.1256246,2019-02-14T17:39:21.662351Z,1550183961.0
432,152.66741530000002,135.07713619999998,2019-02-14T18:39:21.662351Z,1550187561.0
433,152.69661440000002,135.1121126,2019-02-14T19:39:21.662351Z,1550191161.0
434,152.7750139,135.1626822,2019-02-14T20:39:21.662351Z,1550194761.0
435,152.7045014,135.119105,2019-02-14T21:39:21.662351Z,1550198361.0
436,152.9915446,135.3338574,2019-02-14T22:39:21.662351Z,1550201961.0
437,153.0579581,135.37954209999998,2019-02-14T23:39:21.662351Z,1550205561.0
438,153.0845115,135.392054,2019-02-15T00:39:21.662351Z,1550209161.0
439,153.0733758,135.37847019999998,2019-02-15T01:39:21.662351Z,1550212761.0
440,153.23927419999998,135.50210880000003,2019-02-15T02:39:21.662351Z,1550216361.0
441,153.149972,135.4204338,2019-02-15T03:39:21.662351Z,1550219961.0
442,153.2561105,135.4883987,2019-02-15T04:39:21.662351Z,1550223561.0
443,153.42010369999997,135.5963046,2019-02-15T05:39:21.662351Z,1550227161.0
444,153.21526310000002,135.42598,2019-02-15T06:39:21.662351Z,1550230761.0
445,152.95968280000002,135.2107219,2019-02-15T07:39:21.662351Z,1550234361.0
446,153.0015493,135.2315495,2019-02-15T08:39:21.662351Z,1550237961.0
447,152.7365273,135.0061427,2019-02-15T09:39:21.662351Z,1550241561.0
448,152.75815880000002,134.9951159,2019-02-15T10:39:21.662351Z,1550245161.0
449,152.78557130000002,135.00087240000002,2019-02-15T11:39:21.662351Z,1550248761.0
450,152.59930400000002,134.8311371,2019-02-15T12:39:21.662351Z,1550252361.0
451,152.5141372,134.7488326,2019-02-15T13:39:21.662351Z,1550255961.0
452,152.7260016,134.8735408,2019-02-15T14:39:21.662351Z,1550259561.0
453,152.67494340000002,134.81063569999998,2019-02-15T15:39:21.662351Z,1550263161.0
454,152.6965481,134.788611,2019-02-15T16:39:21.662351Z,1550266761.0
455,152.5911264,134.6811687,2019-02-15T17:39:21.662351Z,1550270361.0
456,152.57055219999998,134.64251330000002,2019-02-15T18:39:21.662351Z,1550273961.0
457,152.5699385,134.6251114,2019-02-15T19:39:21.662351Z,1550277561.0
458,152.7878577,134.7700943,2019-02-15T20:39:21.662351Z,1550281161.0
459,152.9631225,134.8698852,2019-02-15T21:39:21.662351Z,1550284761.0
460,153.1043478,134.96060730000002,2019-02-15T22:39:21.662351Z,1550288361.0
461,153.1610487,134.98214380000002,2019-02-15T23:39:21.662351Z,1550291961.0
462,153.05583159999998,134.88006299999998,2019-02-16T00:39:21.662351Z,1550295561.0
463,153.12673669999998,134.9281207,2019-02-16T01:39:21.662351Z,1550299161.0
464,153.0908348,134.8833893,2019-02-16T02:39:21.662351Z,1550302761.0
465,153.17145359999998,134.9370695,2019-02-16T03:39:21.662351Z,1550306361.0
466,153.054624,134.84135049999998,2019-02-16T04:39:21.662351Z,1550309961.0
467,153.2341954,134.96600769999998,2019-02-16T05:39:21.662351Z,1550313561.0
468,153.19893190000002,134.9262093,2019-02-16T06:39:21.662351Z,1550317161.0
469,153.10992969999998,134.8495265,2019-02-16T07:39:21.662351Z,1550320761.0
470,153.3348368,135.0141855,2019-02-16T08:39:21.662351Z,1550324361.0
471,153.5172436,135.136331,2019-02-16T09:39:21.662351Z,1550327961.0
472,153.4622783,135.1096985,2019-02-16T10:39:21.662351Z,1550331561.0
473,153.4330688,135.0970439,2019-02-16T11:39:21.662351Z,1550335161.0
474,153.3835112,135.0570743,2019-02-16T12:39:21.662351Z,1550338761.0
475,153.6887932,135.29491389999998,2019-02-16T13:39:21.662351Z,1550342361.0
476,153.8298625,135.39577230000003,2019-02-16T14:39:21.662351Z,1550345961.0
477,153.9779935,135.50561159999998,2019-02-16T15:39:21.662351Z,1550349561.0
478,154.15485230000002,135.63479990000002,2019-02-16T16:39:21.662351Z,1550353161.0
479,154.1818843,135.65653700000001,2019-02-16T17:39:21.662351Z,1550356761.0
480,154.4111374,135.8350239,2019-02-16T18:39:21.662351Z,1550360361.0
481,154.3933523,135.8299596,2019-02-16T19:39:21.662351Z,1550363961.0
482,154.383467,135.8124092,2019-02-16T20:39:21.662351Z,1550367561.0
483,154.49643899999998,135.88883669999998,2019-02-16T21:39:21.662351Z,1550371161.0
484,154.6770888,136.010381,2019-02-16T22:39:21.662351Z,1550374761.0
485,154.62249939999998,135.9664095,2019-02-16T23:39:21.662351Z,1550378361.0
486,154.6526577,135.98996709999997,2019-02-17T00:39:21.662351Z,1550381961.0
487,154.82009409999998,136.103501,2019-02-17T01:39:21.662351Z,1550385561.0
488,154.7006889,136.01350730000001,2019-02-17T02:39:21.662351Z,1550389161.0
489,154.9099544,136.1538648,2019-02-17T03:39:21.662351Z,1550392761.0
490,155.0636231,136.25125500000001,2019-02-17T04:39:21.662351Z,1550396361.0
491,154.9246095,136.13764799999998,2019-02-17T05:39:21.662351Z,1550399961.0
492,154.8539017,136.0717075,2019-02-17T06:39:21.662351Z,1550403561.0
493,155.04421340000002,136.1973836,2019-02-17T07:39:21.662351Z,1550407161.0
494,154.94203380000002,136.09187260000002,2019-02-17T08:39:21.662351Z,1550410761.0
495,154.7202207,135.8995402,2019-02-17T09:39:21.662351Z,1550414361.0
496,154.53077480000002,135.73684450000002,2019-02-17T10:39:21.662351Z,1550417961.0
497,154.394894,135.6030145,2019-02-17T11:39:21.662351Z,1550421561.0
498,154.53892150000001,135.68629769999998,2019-02-17T12:39:21.662351Z,1550425161.0
499,154.4976806,135.6261122,2019-02-17T13:39:21.662351Z,1550428761.0
500,154.35284230000002,135.4978428,2019-02-17T14:39:21.662351Z,1550432361.0
501,154.1177175,135.2939043,2019-02-17T15:39:21.662351Z,1550435961.0
502,154.0640977,135.23750259999997,2019-02-17T16:39:21.662351Z,1550439561.0
503,153.8731155,135.0759253,2019-02-17T17:39:21.662351Z,1550443161.0
504,154.1406049,135.26034199999998,2019-02-17T18:39:21.662351Z,1550446761.0
505,153.8916243,135.05371709999997,2019-02-17T19:39:21.662351Z,1550450361.0
506,154.04227219999999,135.1376916,2019-02-17T20:39:21.662351Z,1550453961.0
507,154.2572754,135.2883274,2019-02-17T21:39:21.662351Z,1550457561.0
508,154.0542094,135.1196734,2019-02-17T22:39:21.662351Z,1550461161.0
509,154.35910890000002,135.34117369999998,2019-02-17T23:39:21.662351Z,1550464761.0
510,154.16279540000002,135.18024230000003,2019-02-18T00:39:21.662351Z,1550468361.0
511,154.3198278,135.2809504,2019-02-18T01:39:21.662351Z,1550471961.0
512,154.1200995,135.1236855,2019-02-18T02:39:21.662351Z,1550475561.0
513,154.2737238,135.22540669999998,2019-02-18T03:39:21.662351Z,1550479161.0
514,154.4205358,135.32505940000001,2019-02-18T04:39:21.662351Z,1550482761.0
515,154.2565767,135.19990869999998,2019-02-18T05:39:21.662351Z,1550486361.0
516,154.1238738,135.10185,2019-02-18T06:39:21.662351Z,1550489961.0
517,154.01978480000002,135.0292235,2019-02-18T07:39:21.662351Z,1550493561.0
518,154.06139850000002,135.0674493,2019-02-18T08:39:21.662351Z,1550497161.0
519,154.2446665,135.2172802,2019-02-18T09:39:21.662351Z,1550500761.0
520,154.5724492,135.474956,2019-02-18T10:39:21.662351Z,1550504361.0
521,154.83537819999998,135.68258459999998,2019-02-18T11:39:21.662351Z,1550507961.0
522,154.7533421,135.6365866,2019-02-18T12:39:21.662351Z,1550511561.0
523,154.73940359999997,135.64306299999998,2019-02-18T13:39:21.662351Z,1550515161.0
524,154.7382479,135.64714809999998,2019-02-18T14:39:21.662351Z,1550518761.0
525,154.7134531,135.6329436,2019-02-18T15:39:21.662351Z,1550522361.0
526,154.7371081,135.6550665,2019-02-18T16:39:21.662351Z,1550525961.0
527,155.0104012,135.8700622,2019-02-18T17:39:21.662351Z,1550529561.0
528,155.1159009,135.950196,2019-02-18T18:39:21.662351Z,1550533161.0
529,155.43498390000002,136.19431519999998,2019-02-18T19:39:21.662351Z,1550536761.0
530,155.68576480000002,136.3860318,2019-02-18T20:39:21.662351Z,1550540361.0
531,155.7669895,136.4462353,2019-02-18T21:39:21.662351Z,1550543961.0
532,155.6349226,136.34840269999998,2019-02-18T22:39:21.662351Z,1550547561.0
533,155.6610463,136.37492319999998,2019-02-18T23:39:21.662351Z,1550551161.0
534,155.673668,136.3875845,2019-02-19T00:39:21.662351Z,1550554761.0
535,155.6758391,136.3804505,2019-02-19T01:39:21.662351Z,1550558361.0
536,155.77135330000002,136.4393603,2019-02-19T02:39:21.662351Z,1550561961.0
537,155.6396095,136.3362182,2019-02-19T03:39:21.662351Z,1550565561.0
538,155.6185051,136.3120701,2019-02-19T04:39:21.662351Z,1550569161.0
539,155.57312969999998,136.25741969999999,2019-02-19T05:39:21.662351Z,1550572761.0
540,155.70545990000002,136.34094319999997,2019-02-19T06:39:21.662351Z,1550576361.0
541,155.6436821,136.28150359999998,2019-02-19T07:39:21.662351Z,1550579961.0
542,155.51205880000003,136.16072549999998,2019-02-19T08:39:21.662351Z,1550583561.0
543,155.41233259999998,136.0587137,2019-02-19T09:39:21.662351Z,1550587161.0
544,155.5850511,136.1655615,2019-02-19T10:39:21.662351Z,1550590761.0
545,155.6677199,136.20281359999998,2019-02-19T11:39:21.662351Z,1550594361.0
546,155.6838725,136.1882,2019-02-19T12:39:21.662351Z,1550597961.0
547,155.7016236,136.17103390000003,2019-02-19T13:39:21.662351Z,1550601561.0
548,155.7445412,136.17634650000002,2019-02-19T14:39:21.662351Z,1550605161.0
549,155.5089603,135.9873555,2019-02-19T15:39:21.662351Z,1550608761.0
550,155.5339759,135.988317,2019-02-19T16:39:21.662351Z,1550612361.0
551,155.59094119999997,136.0021227,2019-02-19T17:39:21.662351Z,1550615961.0
552,155.5099689,135.9218864,2019-02-19T18:39:21.662351Z,1550619561.0
553,155.3902087,135.8220584,2019-02-19T19:39:21.662351Z,1550623161.0
554,155.4058809,135.81009530000003,2019-02-19T20:39:21.662351Z,1550626761.0
555,155.4048926,135.7979074,2019-02-19T21:39:21.662351Z,1550630361.0
556,155.46742780000002,135.8371972,2019-02-19T22:39:21.662351Z,1550633961.0
557,155.43759540000002,135.8197719,2019-02-19T23:39:21.662351Z,1550637561.0
558,155.5695656,135.9170676,2019-02-20T00:39:21.662351Z,1550641161.0
559,155.5189334,135.8838754,2019-02-20T01:39:21.662351Z,1550644761.0
560,155.2820712,135.698151,2019-02-20T02:39:21.662351Z,1550648361.0
561,155.1472241,135.5890149,2019-02-20T03:39:21.662351Z,1550651961.0
562,154.9944564,135.4800138,2019-02-20T04:39:21.662351Z,1550655561.0
563,154.879766,135.3976124,2019-02-20T05:39:21.662351Z,1550659161.0
564,154.6577116,135.2332286,2019-02-20T06:39:21.662351Z,1550662761.0
565,154.5694177,135.1809186,2019-02-20T07:39:21.662351Z,1550666361.0
566,154.3798181,135.0443736,2019-02-20T08:39:21.662351Z,1550669961.0
567,154.6068069,135.22911090000002,2019-02-20T09:39:21.662351Z,1550673561.0
568,154.7274021,135.3283166,2019-02-20T10:39:21.662351Z,1550677161.0
569,154.93742930000002,135.4899594,2019-02-20T11:39:21.662351Z,1550680761.0
570,155.1979165,135.6983406,2019-02-20T12:39:21.662351Z,1550684361.0
571,155.20281809999997,135.7216082,2019-02-20T13:39:21.662351Z,1550687961.0
572,155.07001780000002,135.63231090000002,2019-02-20T14:39:21.662351Z,1550691561.0
573,155.2597814,135.78707169999998,2019-02-20T15:39:21.662351Z,1550695161.0
574,155.3116752,135.83439199999998,2019-02-20T16:39:21.662351Z,1550698761.0
575,155.6093145,136.07146709999998,2019-02-20T17:39:21.662351Z,1550702361.0
576,155.64213830000003,136.09688530000003,2019-02-20T18:39:21.662351Z,1550705961.0
577,155.652717,136.12009799999998,2019-02-20T19:39:21.662351Z,1550709561.0
578,155.9122438,136.31696519999997,2019-02-20T20:39:21.662351Z,1550713161.0
579,155.69576990000002,136.1552168,2019-02-20T21:39:21.662351Z,1550716761.0
580,155.7480517,136.2007279,2019-02-20T22:39:21.662351Z,1550720361.0
581,155.69747969999997,136.1603764,2019-02-20T23:39:21.662351Z,1550723961.0
582,155.7078881,136.1664553,2019-02-21T00:39:21.662351Z,1550727561.0
583,155.6305313,136.1150139,2019-02-21T01:39:21.662351Z,1550731161.0
584,155.734099,136.1853131,2019-02-21T02:39:21.662351Z,1550734761.0
585,155.8864466,136.29491299999998,2019-02-21T03:39:21.662351Z,1550738361.0
586,155.924616,136.31300890000003,2019-02-21T04:39:21.662351Z,1550741961.0
587,155.82176189999998,136.2206103,2019-02-21T05:39:21.662351Z,1550745561.0
588,155.9552705,136.31285649999998,2019-02-21T06:39:21.662351Z,1550749161.0
589,155.7893948,136.1694984,2019-02-21T07:39:21.662351Z,1550752761.0
590,155.6518604,136.06148169999997,2019-02-21T08:39:21.662351Z,1550756361.0
591,155.6170634,136.0326446,2019-02-21T09:39:21.662351Z,1550759961.0
592,155.3399119,135.80489730000002,2019-02-21T10:39:21.662351Z,1550763561.0
593,155.3797475,135.82525049999998,2019-02-21T11:39:21.662351Z,1550767161.0
594,155.24572759999998,135.70037140000002,2019-02-21T12:39:21.662351Z,1550770761.0
595,155.3812796,135.7783242,2019-02-21T13:39:21.662351Z,1550774361.0
596,155.5469736,135.8853348,2019-02-21T14:39:21.662351Z,1550777961.0
597,155.5523914,135.88226550000002,2019-02-21T15:39:21.662351Z,1550781561.0
598,155.34390269999997,135.71272869999999,2019-02-21T16:39:21.662351Z,1550785161.0
599,155.2627167,135.6378251,2019-02-21T17:39:21.662351Z,1550788761.0
600,155.1500731,135.5460811,2019-02-21T18:39:21.662351Z,1550792361.0
