,anomalyExtent,_time,epoc
0,0.11968889999999419,2019-01-29T03:39:21.662351Z,1548751161.0
1,0.14309869999999023,2019-01-29T04:39:21.662351Z,1548754761.0
2,0.31320809999999144,2019-01-29T05:39:21.662351Z,1548758361.0
3,0.3512740000000122,2019-01-29T06:39:21.662351Z,1548761961.0
4,0.3726209000000097,2019-01-29T07:39:21.662351Z,1548765561.0
5,0.5212589999999807,2019-01-29T08:39:21.662351Z,1548769161.0
6,0.6466788999999779,2019-01-29T09:39:21.662351Z,1548772761.0
7,0.8764042999999845,2019-01-29T10:39:21.662351Z,1548776361.0
8,0.9795646999999917,2019-01-29T11:39:21.662351Z,1548779961.0
9,0.9295334000000196,2019-01-29T12:39:21.662351Z,1548783561.0
10,0.9638256999999669,2019-01-29T13:39:21.662351Z,1548787161.0
11,0.9779961999999728,2019-01-29T14:39:21.662351Z,1548790761.0
12,1.0037582999999812,2019-01-29T15:39:21.662351Z,1548794361.0
13,1.256651400000004,2019-01-29T16:39:21.662351Z,1548797961.0
14,1.2431582999999704,2019-01-29T17:39:21.662351Z,1548801561.0
15,1.5610455,2019-01-29T18:39:21.662351Z,1548805161.0
16,1.6230752999999765,2019-01-29T19:39:21.662351Z,1548808761.0
17,1.9037763999999924,2019-01-29T20:39:21.662351Z,1548812361.0
18,2.0495365000000105,2019-01-29T21:39:21.662351Z,1548815961.0
19,2.102651299999985,2019-01-29T22:39:21.662351Z,1548819561.0
20,2.0808667999999897,2019-01-29T23:39:21.662351Z,1548823161.0
21,2.1784039000000006,2019-01-30T00:39:21.662351Z,1548826761.0
22,2.245231299999966,2019-01-30T01:39:21.662351Z,1548830361.0
23,2.1051873999999997,2019-01-30T02:39:21.662351Z,1548833961.0
24,2.0915616,2019-01-30T03:39:21.662351Z,1548837561.0
25,2.1973514999999906,2019-01-30T04:39:21.662351Z,1548841161.0
26,2.359096099999982,2019-01-30T05:39:21.662351Z,1548844761.0
27,2.1225570999999888,2019-01-30T06:39:21.662351Z,1548848361.0
28,1.9484647999999765,2019-01-30T07:39:21.662351Z,1548851961.0
29,1.957292999999987,2019-01-30T08:39:21.662351Z,1548855561.0
30,2.0499154999999916,2019-01-30T09:39:21.662351Z,1548859161.0
31,2.035578099999975,2019-01-30T10:39:21.662351Z,1548862761.0
32,2.0007100999999863,2019-01-30T11:39:21.662351Z,1548866361.0
33,2.1055771999999933,2019-01-30T12:39:21.662351Z,1548869961.0
34,1.864702299999999,2019-01-30T13:39:21.662351Z,1548873561.0
35,1.7012066999999944,2019-01-30T14:39:21.662351Z,1548877161.0
36,1.6111714999999776,2019-01-30T15:39:21.662351Z,1548880761.0
37,1.6092568999999854,2019-01-30T16:39:21.662351Z,1548884361.0
38,1.436678199999983,2019-01-30T17:39:21.662351Z,1548887961.0
39,1.4686506999999778,2019-01-30T18:39:21.662351Z,1548891561.0
40,1.4030322999999725,2019-01-30T19:39:21.662351Z,1548895161.0
41,1.420693499999993,2019-01-30T20:39:21.662351Z,1548898761.0
42,1.2469696999999598,2019-01-30T21:39:21.662351Z,1548902361.0
43,1.3128970999999807,2019-01-30T22:39:21.662351Z,1548905961.0
44,1.1339201999999715,2019-01-30T23:39:21.662351Z,1548909561.0
45,1.078151200000002,2019-01-31T00:39:21.662351Z,1548913161.0
46,1.127568299999973,2019-01-31T01:39:21.662351Z,1548916761.0
47,1.1743514999999944,2019-01-31T02:39:21.662351Z,1548920361.0
48,1.218278499999991,2019-01-31T03:39:21.662351Z,1548923961.0
49,1.328154400000011,2019-01-31T04:39:21.662351Z,1548927561.0
50,1.4244212999999717,2019-01-31T05:39:21.662351Z,1548931161.0
51,1.285465599999975,2019-01-31T06:39:21.662351Z,1548934761.0
52,1.3446240000000045,2019-01-31T07:39:21.662351Z,1548938361.0
53,1.4066399000000103,2019-01-31T08:39:21.662351Z,1548941961.0
54,1.4121562999999582,2019-01-31T09:39:21.662351Z,1548945561.0
55,1.5310901999999884,2019-01-31T10:39:21.662351Z,1548949161.0
56,1.5453386000000022,2019-01-31T11:39:21.662351Z,1548952761.0
57,1.5587141999999914,2019-01-31T12:39:21.662351Z,1548956361.0
58,1.594575799999967,2019-01-31T13:39:21.662351Z,1548959961.0
59,1.6177031999999882,2019-01-31T14:39:21.662351Z,1548963561.0
60,1.5971827999999788,2019-01-31T15:39:21.662351Z,1548967161.0
61,1.565605299999953,2019-01-31T16:39:21.662351Z,1548970761.0
62,1.5559999000000118,2019-01-31T17:39:21.662351Z,1548974361.0
63,1.461810099999974,2019-01-31T18:39:21.662351Z,1548977961.0
64,1.5521941999999966,2019-01-31T19:39:21.662351Z,1548981561.0
65,1.4565004000000044,2019-01-31T20:39:21.662351Z,1548985161.0
66,1.3926213999999901,2019-01-31T21:39:21.662351Z,1548988761.0
67,1.3142501000000038,2019-01-31T22:39:21.662351Z,1548992361.0
68,1.557644900000008,2019-01-31T23:39:21.662351Z,1548995961.0
69,1.845831400000003,2019-02-01T00:39:21.662351Z,1548999561.0
70,1.9030241000000045,2019-02-01T01:39:21.662351Z,1549003161.0
71,2.1254819000000054,2019-02-01T02:39:21.662351Z,1549006761.0
72,2.1213322999999717,2019-02-01T03:39:21.662351Z,1549010361.0
73,2.374538499999994,2019-02-01T04:39:21.662351Z,1549013961.0
74,2.212348000000014,2019-02-01T05:39:21.662351Z,1549017561.0
75,2.202281899999997,2019-02-01T06:39:21.662351Z,1549021161.0
76,2.322045299999979,2019-02-01T07:39:21.662351Z,1549024761.0
77,2.4690606999999942,2019-02-01T08:39:21.662351Z,1549028361.0
78,2.524563899999998,2019-02-01T09:39:21.662351Z,1549031961.0
79,2.6199271000000066,2019-02-01T10:39:21.662351Z,1549035561.0
80,2.6192109000000072,2019-02-01T11:39:21.662351Z,1549039161.0
81,2.4666836999999986,2019-02-01T12:39:21.662351Z,1549042761.0
82,2.618043399999999,2019-02-01T13:39:21.662351Z,1549046361.0
83,2.5093154999999796,2019-02-01T14:39:21.662351Z,1549049961.0
84,2.4628111999999702,2019-02-01T15:39:21.662351Z,1549053561.0
85,2.4941298999999844,2019-02-01T16:39:21.662351Z,1549057161.0
86,2.3544680999999854,2019-02-01T17:39:21.662351Z,1549060761.0
87,2.2740075000000046,2019-02-01T18:39:21.662351Z,1549064361.0
88,2.228008600000004,2019-02-01T19:39:21.662351Z,1549067961.0
89,2.302315399999992,2019-02-01T20:39:21.662351Z,1549071561.0
90,2.3166065999999943,2019-02-01T21:39:21.662351Z,1549075161.0
91,2.3251326999999775,2019-02-01T22:39:21.662351Z,1549078761.0
92,2.5753026999999746,2019-02-01T23:39:21.662351Z,1549082361.0
93,2.5450856999999814,2019-02-02T00:39:21.662351Z,1549085961.0
94,2.7561004000000024,2019-02-02T01:39:21.662351Z,1549089561.0
95,2.860849699999983,2019-02-02T02:39:21.662351Z,1549093161.0
96,3.047049900000013,2019-02-02T03:39:21.662351Z,1549096761.0
97,3.0693483999999898,2019-02-02T04:39:21.662351Z,1549100361.0
98,3.039125100000001,2019-02-02T05:39:21.662351Z,1549103961.0
99,2.971314000000001,2019-02-02T06:39:21.662351Z,1549107561.0
100,2.9809537999999747,2019-02-02T07:39:21.662351Z,1549111161.0
101,3.020230499999991,2019-02-02T08:39:21.662351Z,1549114761.0
102,2.9761820999999826,2019-02-02T09:39:21.662351Z,1549118361.0
103,3.117302499999988,2019-02-02T10:39:21.662351Z,1549121961.0
104,3.355852199999981,2019-02-02T11:39:21.662351Z,1549125561.0
105,3.649929299999991,2019-02-02T12:39:21.662351Z,1549129161.0
106,3.746921100000003,2019-02-02T13:39:21.662351Z,1549132761.0
107,3.8498269999999706,2019-02-02T14:39:21.662351Z,1549136361.0
108,3.8973085000000025,2019-02-02T15:39:21.662351Z,1549139961.0
109,3.9888755999999943,2019-02-02T16:39:21.662351Z,1549143561.0
110,4.073415499999976,2019-02-02T17:39:21.662351Z,1549147161.0
111,4.270137699999987,2019-02-02T18:39:21.662351Z,1549150761.0
112,4.292001299999976,2019-02-02T19:39:21.662351Z,1549154361.0
113,4.324659999999989,2019-02-02T20:39:21.662351Z,1549157961.0
114,4.389666,2019-02-02T21:39:21.662351Z,1549161561.0
115,4.409876399999996,2019-02-02T22:39:21.662351Z,1549165161.0
116,4.5129681999999836,2019-02-02T23:39:21.662351Z,1549168761.0
117,4.52962479999996,2019-02-03T00:39:21.662351Z,1549172361.0
118,4.813564799999989,2019-02-03T01:39:21.662351Z,1549175961.0
119,4.7033423999999915,2019-02-03T02:39:21.662351Z,1549179561.0
120,4.745100599999995,2019-02-03T03:39:21.662351Z,1549183161.0
121,4.681480999999986,2019-02-03T04:39:21.662351Z,1549186761.0
122,4.52852479999998,2019-02-03T05:39:21.662351Z,1549190361.0
123,4.80737519999999,2019-02-03T06:39:21.662351Z,1549193961.0
124,4.794712299999981,2019-02-03T07:39:21.662351Z,1549197561.0
125,5.016046599999976,2019-02-03T08:39:21.662351Z,1549201161.0
126,4.984181799999982,2019-02-03T09:39:21.662351Z,1549204761.0
127,4.923846899999996,2019-02-03T10:39:21.662351Z,1549208361.0
128,4.941018699999967,2019-02-03T11:39:21.662351Z,1549211961.0
129,4.967150599999991,2019-02-03T12:39:21.662351Z,1549215561.0
130,5.057607899999988,2019-02-03T13:39:21.662351Z,1549219161.0
131,5.197839799999992,2019-02-03T14:39:21.662351Z,1549222761.0
132,5.3035946999999855,2019-02-03T15:39:21.662351Z,1549226361.0
133,5.089391000000001,2019-02-03T16:39:21.662351Z,1549229961.0
134,4.960971699999982,2019-02-03T17:39:21.662351Z,1549233561.0
135,5.2291214999999855,2019-02-03T18:39:21.662351Z,1549237161.0
136,5.396803099999966,2019-02-03T19:39:21.662351Z,1549240761.0
137,5.608534700000002,2019-02-03T20:39:21.662351Z,1549244361.0
138,5.548784599999999,2019-02-03T21:39:21.662351Z,1549247961.0
139,5.80768319999998,2019-02-03T22:39:21.662351Z,1549251561.0
140,5.791490799999986,2019-02-03T23:39:21.662351Z,1549255161.0
141,5.858571399999983,2019-02-04T00:39:21.662351Z,1549258761.0
142,5.989432399999993,2019-02-04T01:39:21.662351Z,1549262361.0
143,6.196168199999983,2019-02-04T02:39:21.662351Z,1549265961.0
144,6.289183299999957,2019-02-04T03:39:21.662351Z,1549269561.0
145,6.428313199999986,2019-02-04T04:39:21.662351Z,1549273161.0
146,6.605060199999963,2019-02-04T05:39:21.662351Z,1549276761.0
147,6.630867299999972,2019-02-04T06:39:21.662351Z,1549280361.0
148,6.9091803999999915,2019-02-04T07:39:21.662351Z,1549283961.0
149,6.964672299999984,2019-02-04T08:39:21.662351Z,1549287561.0
150,6.932845100000003,2019-02-04T09:39:21.662351Z,1549291161.0
151,7.1086762999999795,2019-02-04T10:39:21.662351Z,1549294761.0
152,7.051886199999979,2019-02-04T11:39:21.662351Z,1549298361.0
153,7.295101399999988,2019-02-04T12:39:21.662351Z,1549301961.0
154,7.478621599999991,2019-02-04T13:39:21.662351Z,1549305561.0
155,7.438258600000006,2019-02-04T14:39:21.662351Z,1549309161.0
156,7.63410100000001,2019-02-04T15:39:21.662351Z,1549312761.0
157,7.950598799999961,2019-02-04T16:39:21.662351Z,1549316361.0
158,8.018698799999976,2019-02-04T17:39:21.662351Z,1549319961.0
159,8.295191299999965,2019-02-04T18:39:21.662351Z,1549323561.0
160,8.595041499999974,2019-02-04T19:39:21.662351Z,1549327161.0
161,8.616957199999968,2019-02-04T20:39:21.662351Z,1549330761.0
162,8.765755799999988,2019-02-04T21:39:21.662351Z,1549334361.0
163,8.973092799999955,2019-02-04T22:39:21.662351Z,1549337961.0
164,9.286577699999976,2019-02-04T23:39:21.662351Z,1549341561.0
165,9.525304999999998,2019-02-05T00:39:21.662351Z,1549345161.0
166,9.412650000000008,2019-02-05T01:39:21.662351Z,1549348761.0
167,9.490125699999988,2019-02-05T02:39:21.662351Z,1549352361.0
168,9.423727500000007,2019-02-05T03:39:21.662351Z,1549355961.0
169,9.383809400000013,2019-02-05T04:39:21.662351Z,1549359561.0
170,9.607903200000004,2019-02-05T05:39:21.662351Z,1549363161.0
171,9.819799900000016,2019-02-05T06:39:21.662351Z,1549366761.0
172,9.717330900000002,2019-02-05T07:39:21.662351Z,1549370361.0
173,9.555329999999993,2019-02-05T08:39:21.662351Z,1549373961.0
174,9.4681285,2019-02-05T09:39:21.662351Z,1549377561.0
175,9.44885269999997,2019-02-05T10:39:21.662351Z,1549381161.0
176,9.480949099999998,2019-02-05T11:39:21.662351Z,1549384761.0
177,9.488741599999992,2019-02-05T12:39:21.662351Z,1549388361.0
178,9.398577599999976,2019-02-05T13:39:21.662351Z,1549391961.0
179,9.262087599999996,2019-02-05T14:39:21.662351Z,1549395561.0
180,9.33773299999998,2019-02-05T15:39:21.662351Z,1549399161.0
181,9.431245699999971,2019-02-05T16:39:21.662351Z,1549402761.0
182,9.187764099999976,2019-02-05T17:39:21.662351Z,1549406361.0
183,9.056755599999997,2019-02-05T18:39:21.662351Z,1549409961.0
184,9.249447599999991,2019-02-05T19:39:21.662351Z,1549413561.0
185,9.298101099999991,2019-02-05T20:39:21.662351Z,1549417161.0
186,9.429075299999989,2019-02-05T21:39:21.662351Z,1549420761.0
187,9.242984000000002,2019-02-05T22:39:21.662351Z,1549424361.0
188,9.063164499999994,2019-02-05T23:39:21.662351Z,1549427961.0
189,9.130320199999995,2019-02-06T00:39:21.662351Z,1549431561.0
190,8.966302899999983,2019-02-06T01:39:21.662351Z,1549435161.0
191,8.95676539999999,2019-02-06T02:39:21.662351Z,1549438761.0
192,9.145942799999967,2019-02-06T03:39:21.662351Z,1549442361.0
193,9.399275000000012,2019-02-06T04:39:21.662351Z,1549445961.0
194,9.231458400000003,2019-02-06T05:39:21.662351Z,1549449561.0
195,9.461253899999997,2019-02-06T06:39:21.662351Z,1549453161.0
196,9.476194699999974,2019-02-06T07:39:21.662351Z,1549456761.0
197,9.474198299999978,2019-02-06T08:39:21.662351Z,1549460361.0
198,9.443862799999971,2019-02-06T09:39:21.662351Z,1549463961.0
199,9.394424399999986,2019-02-06T10:39:21.662351Z,1549467561.0
200,9.402779599999997,2019-02-06T11:39:21.662351Z,1549471161.0
201,9.407314499999979,2019-02-06T12:39:21.662351Z,1549474761.0
202,9.486256699999979,2019-02-06T13:39:21.662351Z,1549478361.0
203,9.47515699999999,2019-02-06T14:39:21.662351Z,1549481961.0
204,9.62436769999996,2019-02-06T15:39:21.662351Z,1549485561.0
205,9.603386199999983,2019-02-06T16:39:21.662351Z,1549489161.0
206,9.99925979999997,2019-02-06T17:39:21.662351Z,1549492761.0
207,10.025126299999977,2019-02-06T18:39:21.662351Z,1549496361.0
208,9.963399599999997,2019-02-06T19:39:21.662351Z,1549499961.0
209,10.291593900000004,2019-02-06T20:39:21.662351Z,1549503561.0
210,10.176150099999996,2019-02-06T21:39:21.662351Z,1549507161.0
211,10.398891799999996,2019-02-06T22:39:21.662351Z,1549510761.0
212,10.348193900000007,2019-02-06T23:39:21.662351Z,1549514361.0
213,10.558752299999975,2019-02-07T00:39:21.662351Z,1549517961.0
214,10.758025799999979,2019-02-07T01:39:21.662351Z,1549521561.0
215,10.695834299999968,2019-02-07T02:39:21.662351Z,1549525161.0
216,10.630634500000008,2019-02-07T03:39:21.662351Z,1549528761.0
217,10.651000299999987,2019-02-07T04:39:21.662351Z,1549532361.0
218,10.85732259999997,2019-02-07T05:39:21.662351Z,1549535961.0
219,10.743401699999987,2019-02-07T06:39:21.662351Z,1549539561.0
220,10.572486099999987,2019-02-07T07:39:21.662351Z,1549543161.0
221,10.741223100000008,2019-02-07T08:39:21.662351Z,1549546761.0
222,10.963708099999986,2019-02-07T09:39:21.662351Z,1549550361.0
223,10.759270199999998,2019-02-07T10:39:21.662351Z,1549553961.0
224,10.711298099999988,2019-02-07T11:39:21.662351Z,1549557561.0
225,10.966848199999982,2019-02-07T12:39:21.662351Z,1549561161.0
226,10.78531709999998,2019-02-07T13:39:21.662351Z,1549564761.0
227,10.78077469999999,2019-02-07T14:39:21.662351Z,1549568361.0
228,10.793981999999994,2019-02-07T15:39:21.662351Z,1549571961.0
229,10.834624900000017,2019-02-07T16:39:21.662351Z,1549575561.0
230,10.936529299999984,2019-02-07T17:39:21.662351Z,1549579161.0
231,10.695454500000006,2019-02-07T18:39:21.662351Z,1549582761.0
232,10.657520099999994,2019-02-07T19:39:21.662351Z,1549586361.0
233,10.861519399999986,2019-02-07T20:39:21.662351Z,1549589961.0
234,10.912884400000019,2019-02-07T21:39:21.662351Z,1549593561.0
235,11.061958199999987,2019-02-07T22:39:21.662351Z,1549597161.0
236,10.89665029999997,2019-02-07T23:39:21.662351Z,1549600761.0
237,11.05718309999997,2019-02-08T00:39:21.662351Z,1549604361.0
238,11.107010099999991,2019-02-08T01:39:21.662351Z,1549607961.0
239,11.06333419999998,2019-02-08T02:39:21.662351Z,1549611561.0
240,10.951350499999984,2019-02-08T03:39:21.662351Z,1549615161.0
241,10.818354999999992,2019-02-08T04:39:21.662351Z,1549618761.0
242,10.872212400000018,2019-02-08T05:39:21.662351Z,1549622361.0
243,10.853002699999985,2019-02-08T06:39:21.662351Z,1549625961.0
244,10.817378599999978,2019-02-08T07:39:21.662351Z,1549629561.0
245,10.719347399999998,2019-02-08T08:39:21.662351Z,1549633161.0
246,10.731948799999964,2019-02-08T09:39:21.662351Z,1549636761.0
247,10.879276199999987,2019-02-08T10:39:21.662351Z,1549640361.0
248,10.96737579999998,2019-02-08T11:39:21.662351Z,1549643961.0
249,11.0561964,2019-02-08T12:39:21.662351Z,1549647561.0
250,11.204654099999965,2019-02-08T13:39:21.662351Z,1549651161.0
251,11.42477540000001,2019-02-08T14:39:21.662351Z,1549654761.0
252,11.630407999999983,2019-02-08T15:39:21.662351Z,1549658361.0
253,11.640647499999995,2019-02-08T16:39:21.662351Z,1549661961.0
254,11.828265699999998,2019-02-08T17:39:21.662351Z,1549665561.0
255,11.903127899999982,2019-02-08T18:39:21.662351Z,1549669161.0
256,12.161890799999975,2019-02-08T19:39:21.662351Z,1549672761.0
257,12.172325999999993,2019-02-08T20:39:21.662351Z,1549676361.0
258,12.141974599999992,2019-02-08T21:39:21.662351Z,1549679961.0
259,12.383722199999989,2019-02-08T22:39:21.662351Z,1549683561.0
260,12.523763400000002,2019-02-08T23:39:21.662351Z,1549687161.0
261,12.59611279999998,2019-02-09T00:39:21.662351Z,1549690761.0
262,12.649106999999981,2019-02-09T01:39:21.662351Z,1549694361.0
263,12.641469899999999,2019-02-09T02:39:21.662351Z,1549697961.0
264,12.478495499999974,2019-02-09T03:39:21.662351Z,1549701561.0
265,12.214156799999978,2019-02-09T04:39:21.662351Z,1549705161.0
266,12.08323129999996,2019-02-09T05:39:21.662351Z,1549708761.0
267,12.26550969999999,2019-02-09T06:39:21.662351Z,1549712361.0
268,12.182971299999986,2019-02-09T07:39:21.662351Z,1549715961.0
269,12.308189899999997,2019-02-09T08:39:21.662351Z,1549719561.0
270,12.206133499999988,2019-02-09T09:39:21.662351Z,1549723161.0
271,12.243109199999987,2019-02-09T10:39:21.662351Z,1549726761.0
272,12.372553500000004,2019-02-09T11:39:21.662351Z,1549730361.0
273,12.250271799999974,2019-02-09T12:39:21.662351Z,1549733961.0
274,12.2201033,2019-02-09T13:39:21.662351Z,1549737561.0
275,12.19033069999997,2019-02-09T14:39:21.662351Z,1549741161.0
276,12.496754299999987,2019-02-09T15:39:21.662351Z,1549744761.0
277,12.353757699999983,2019-02-09T16:39:21.662351Z,1549748361.0
278,12.351970099999983,2019-02-09T17:39:21.662351Z,1549751961.0
279,12.529288599999996,2019-02-09T18:39:21.662351Z,1549755561.0
280,12.523282299999972,2019-02-09T19:39:21.662351Z,1549759161.0
281,12.35027429999999,2019-02-09T20:39:21.662351Z,1549762761.0
282,12.481023799999969,2019-02-09T21:39:21.662351Z,1549766361.0
283,12.396040499999993,2019-02-09T22:39:21.662351Z,1549769961.0
284,12.407612299999977,2019-02-09T23:39:21.662351Z,1549773561.0
285,12.617370199999977,2019-02-10T00:39:21.662351Z,1549777161.0
286,12.836716199999978,2019-02-10T01:39:21.662351Z,1549780761.0
287,12.776365599999986,2019-02-10T02:39:21.662351Z,1549784361.0
288,13.015629699999971,2019-02-10T03:39:21.662351Z,1549787961.0
289,12.945594699999981,2019-02-10T04:39:21.662351Z,1549791561.0
290,12.89226379999999,2019-02-10T05:39:21.662351Z,1549795161.0
291,12.797408400000018,2019-02-10T06:39:21.662351Z,1549798761.0
292,12.829474900000003,2019-02-10T07:39:21.662351Z,1549802361.0
293,13.094735999999978,2019-02-10T08:39:21.662351Z,1549805961.0
294,13.13739359999999,2019-02-10T09:39:21.662351Z,1549809561.0
295,13.30325709999999,2019-02-10T10:39:21.662351Z,1549813161.0
296,13.481297400000011,2019-02-10T11:39:21.662351Z,1549816761.0
297,13.405137799999972,2019-02-10T12:39:21.662351Z,1549820361.0
298,13.5049845,2019-02-10T13:39:21.662351Z,1549823961.0
299,13.489070899999996,2019-02-10T14:39:21.662351Z,1549827561.0
300,13.492201999999986,2019-02-10T15:39:21.662351Z,1549831161.0
301,13.855605399999996,2019-02-10T16:39:21.662351Z,1549834761.0
302,14.079984599999984,2019-02-10T17:39:21.662351Z,1549838361.0
303,14.119640199999987,2019-02-10T18:39:21.662351Z,1549841961.0
304,14.268937400000022,2019-02-10T19:39:21.662351Z,1549845561.0
305,14.38032090000001,2019-02-10T20:39:21.662351Z,1549849161.0
306,14.495654499999995,2019-02-10T21:39:21.662351Z,1549852761.0
307,14.687399799999975,2019-02-10T22:39:21.662351Z,1549856361.0
308,14.626241699999975,2019-02-10T23:39:21.662351Z,1549859961.0
309,14.842905199999985,2019-02-11T00:39:21.662351Z,1549863561.0
310,15.087154199999981,2019-02-11T01:39:21.662351Z,1549867161.0
311,15.002785600000005,2019-02-11T02:39:21.662351Z,1549870761.0
312,14.866958099999971,2019-02-11T03:39:21.662351Z,1549874361.0
313,14.855265999999995,2019-02-11T04:39:21.662351Z,1549877961.0
314,14.993721099999982,2019-02-11T05:39:21.662351Z,1549881561.0
315,15.036552599999988,2019-02-11T06:39:21.662351Z,1549885161.0
316,14.803748499999978,2019-02-11T07:39:21.662351Z,1549888761.0
317,14.725220599999995,2019-02-11T08:39:21.662351Z,1549892361.0
318,14.792851899999983,2019-02-11T09:39:21.662351Z,1549895961.0
319,14.68027579999997,2019-02-11T10:39:21.662351Z,1549899561.0
320,14.881997000000007,2019-02-11T11:39:21.662351Z,1549903161.0
321,14.656971499999992,2019-02-11T12:39:21.662351Z,1549906761.0
322,14.736904199999964,2019-02-11T13:39:21.662351Z,1549910361.0
323,14.775401799999964,2019-02-11T14:39:21.662351Z,1549913961.0
324,14.656347799999958,2019-02-11T15:39:21.662351Z,1549917561.0
325,14.610713099999993,2019-02-11T16:39:21.662351Z,1549921161.0
326,14.648964499999972,2019-02-11T17:39:21.662351Z,1549924761.0
327,14.674559799999992,2019-02-11T18:39:21.662351Z,1549928361.0
328,14.765386599999994,2019-02-11T19:39:21.662351Z,1549931961.0
329,14.662763199999967,2019-02-11T20:39:21.662351Z,1549935561.0
330,14.537527500000005,2019-02-11T21:39:21.662351Z,1549939161.0
331,14.367720599999979,2019-02-11T22:39:21.662351Z,1549942761.0
332,14.290473799999967,2019-02-11T23:39:21.662351Z,1549946361.0
333,14.210203400000006,2019-02-12T00:39:21.662351Z,1549949961.0
334,14.188601400000005,2019-02-12T01:39:21.662351Z,1549953561.0
335,14.447384299999976,2019-02-12T02:39:21.662351Z,1549957161.0
336,14.237246999999991,2019-02-12T03:39:21.662351Z,1549960761.0
337,14.360999699999974,2019-02-12T04:39:21.662351Z,1549964361.0
338,14.405932599999995,2019-02-12T05:39:21.662351Z,1549967961.0
339,14.651205400000004,2019-02-12T06:39:21.662351Z,1549971561.0
340,14.65016549999998,2019-02-12T07:39:21.662351Z,1549975161.0
341,14.726514000000003,2019-02-12T08:39:21.662351Z,1549978761.0
342,14.965126799999974,2019-02-12T09:39:21.662351Z,1549982361.0
343,14.942124900000005,2019-02-12T10:39:21.662351Z,1549985961.0
344,15.037593900000013,2019-02-12T11:39:21.662351Z,1549989561.0
345,14.942902699999985,2019-02-12T12:39:21.662351Z,1549993161.0
346,14.76196339999998,2019-02-12T13:39:21.662351Z,1549996761.0
347,14.794376799999975,2019-02-12T14:39:21.662351Z,1550000361.0
348,14.9754776,2019-02-12T15:39:21.662351Z,1550003961.0
349,15.075199799999973,2019-02-12T16:39:21.662351Z,1550007561.0
350,14.906902400000002,2019-02-12T17:39:21.662351Z,1550011161.0
351,14.962933999999985,2019-02-12T18:39:21.662351Z,1550014761.0
352,14.916471599999989,2019-02-12T19:39:21.662351Z,1550018361.0
353,14.825856400000015,2019-02-12T20:39:21.662351Z,1550021961.0
354,14.725540199999978,2019-02-12T21:39:21.662351Z,1550025561.0
355,14.615385999999996,2019-02-12T22:39:21.662351Z,1550029161.0
356,14.814426899999996,2019-02-12T23:39:21.662351Z,1550032761.0
357,15.128674799999965,2019-02-13T00:39:21.662351Z,1550036361.0
358,15.24377779999997,2019-02-13T01:39:21.662351Z,1550039961.0
359,15.224487000000005,2019-02-13T02:39:21.662351Z,1550043561.0
360,15.034336699999978,2019-02-13T03:39:21.662351Z,1550047161.0
361,14.967826199999985,2019-02-13T04:39:21.662351Z,1550050761.0
362,15.068677500000002,2019-02-13T05:39:21.662351Z,1550054361.0
363,15.08298089999999,2019-02-13T06:39:21.662351Z,1550057961.0
364,15.005092199999973,2019-02-13T07:39:21.662351Z,1550061561.0
365,14.769465299999974,2019-02-13T08:39:21.662351Z,1550065161.0
366,14.758380899999986,2019-02-13T09:39:21.662351Z,1550068761.0
367,14.682933500000013,2019-02-13T10:39:21.662351Z,1550072361.0
368,14.891312199999982,2019-02-13T11:39:21.662351Z,1550075961.0
369,14.857109299999957,2019-02-13T12:39:21.662351Z,1550079561.0
370,14.62029649999999,2019-02-13T13:39:21.662351Z,1550083161.0
371,14.59231959999999,2019-02-13T14:39:21.662351Z,1550086761.0
372,14.420026599999995,2019-02-13T15:39:21.662351Z,1550090361.0
373,14.5162171,2019-02-13T16:39:21.662351Z,1550093961.0
374,14.61536279999998,2019-02-13T17:39:21.662351Z,1550097561.0
375,14.521863399999996,2019-02-13T18:39:21.662351Z,1550101161.0
376,14.634791599999966,2019-02-13T19:39:21.662351Z,1550104761.0
377,14.453347599999995,2019-02-13T20:39:21.662351Z,1550108361.0
378,14.32140169999999,2019-02-13T21:39:21.662351Z,1550111961.0
379,14.253064999999987,2019-02-13T22:39:21.662351Z,1550115561.0
380,14.06139290000001,2019-02-13T23:39:21.662351Z,1550119161.0
381,14.273324699999984,2019-02-14T00:39:21.662351Z,1550122761.0
382,14.354161699999986,2019-02-14T01:39:21.662351Z,1550126361.0
383,14.230028900000002,2019-02-14T02:39:21.662351Z,1550129961.0
384,14.33554549999999,2019-02-14T03:39:21.662351Z,1550133561.0
385,14.43359119999999,2019-02-14T04:39:21.662351Z,1550137161.0
386,14.533846699999964,2019-02-14T05:39:21.662351Z,1550140761.0
387,14.482739199999992,2019-02-14T06:39:21.662351Z,1550144361.0
388,14.663137999999998,2019-02-14T07:39:21.662351Z,1550147961.0
389,14.676549599999982,2019-02-14T08:39:21.662351Z,1550151561.0
390,14.515647699999983,2019-02-14T09:39:21.662351Z,1550155161.0
391,14.769452499999995,2019-02-14T10:39:21.662351Z,1550158761.0
392,14.77118240000001,2019-02-14T11:39:21.662351Z,1550162361.0
393,14.953135799999979,2019-02-14T12:39:21.662351Z,1550165961.0
394,14.897400900000003,2019-02-14T13:39:21.662351Z,1550169561.0
395,15.179740199999992,2019-02-14T14:39:21.662351Z,1550173161.0
396,15.350021099999987,2019-02-14T15:39:21.662351Z,1550176761.0
397,15.243594400000001,2019-02-14T16:39:21.662351Z,1550180361.0
398,15.533830199999977,2019-02-14T17:39:21.662351Z,1550183961.0
399,15.467892900000004,2019-02-14T18:39:21.662351Z,1550187561.0
400,15.497092000000004,2019-02-14T19:39:21.662351Z,1550191161.0
401,15.575491499999993,2019-02-14T20:39:21.662351Z,1550194761.0
402,15.504978999999986,2019-02-14T21:39:21.662351Z,1550198361.0
403,15.792022199999986,2019-02-14T22:39:21.662351Z,1550201961.0
404,15.858435699999996,2019-02-14T23:39:21.662351Z,1550205561.0
405,15.884989099999979,2019-02-15T00:39:21.662351Z,1550209161.0
406,15.873853399999996,2019-02-15T01:39:21.662351Z,1550212761.0
407,16.03975179999997,2019-02-15T02:39:21.662351Z,1550216361.0
408,15.95044959999998,2019-02-15T03:39:21.662351Z,1550219961.0
409,16.056588099999992,2019-02-15T04:39:21.662351Z,1550223561.0
410,16.220581299999957,2019-02-15T05:39:21.662351Z,1550227161.0
411,16.015740700000002,2019-02-15T06:39:21.662351Z,1550230761.0
412,15.760160400000013,2019-02-15T07:39:21.662351Z,1550234361.0
413,15.802026899999982,2019-02-15T08:39:21.662351Z,1550237961.0
414,15.537004899999994,2019-02-15T09:39:21.662351Z,1550241561.0
415,15.558636400000006,2019-02-15T10:39:21.662351Z,1550245161.0
416,15.586048900000003,2019-02-15T11:39:21.662351Z,1550248761.0
417,15.399781600000006,2019-02-15T12:39:21.662351Z,1550252361.0
418,15.314614799999982,2019-02-15T13:39:21.662351Z,1550255961.0
419,15.526479199999978,2019-02-15T14:39:21.662351Z,1550259561.0
420,15.475421000000006,2019-02-15T15:39:21.662351Z,1550263161.0
421,15.49702569999999,2019-02-15T16:39:21.662351Z,1550266761.0
422,15.391603999999996,2019-02-15T17:39:21.662351Z,1550270361.0
423,15.371029799999969,2019-02-15T18:39:21.662351Z,1550273961.0
424,15.370416099999995,2019-02-15T19:39:21.662351Z,1550277561.0
425,15.588335299999978,2019-02-15T20:39:21.662351Z,1550281161.0
426,15.763600099999985,2019-02-15T21:39:21.662351Z,1550284761.0
427,15.904825399999988,2019-02-15T22:39:21.662351Z,1550288361.0
428,15.961526299999997,2019-02-15T23:39:21.662351Z,1550291961.0
429,15.856309199999965,2019-02-16T00:39:21.662351Z,1550295561.0
430,15.927214299999969,2019-02-16T01:39:21.662351Z,1550299161.0
431,15.891312399999999,2019-02-16T02:39:21.662351Z,1550302761.0
432,15.971931199999966,2019-02-16T03:39:21.662351Z,1550306361.0
433,15.855101599999978,2019-02-16T04:39:21.662351Z,1550309961.0
434,16.03467299999999,2019-02-16T05:39:21.662351Z,1550313561.0
435,15.999409500000008,2019-02-16T06:39:21.662351Z,1550317161.0
436,15.910407299999969,2019-02-16T07:39:21.662351Z,1550320761.0
437,16.13531439999999,2019-02-16T08:39:21.662351Z,1550324361.0
438,16.317721199999987,2019-02-16T09:39:21.662351Z,1550327961.0
439,16.262755899999995,2019-02-16T10:39:21.662351Z,1550331561.0
440,16.233546399999987,2019-02-16T11:39:21.662351Z,1550335161.0
441,16.183988799999973,2019-02-16T12:39:21.662351Z,1550338761.0
442,16.48927079999998,2019-02-16T13:39:21.662351Z,1550342361.0
443,16.630340099999977,2019-02-16T14:39:21.662351Z,1550345961.0
444,16.778471099999983,2019-02-16T15:39:21.662351Z,1550349561.0
445,16.955329900000002,2019-02-16T16:39:21.662351Z,1550353161.0
446,16.982361899999994,2019-02-16T17:39:21.662351Z,1550356761.0
447,17.211614999999988,2019-02-16T18:39:21.662351Z,1550360361.0
448,17.19382989999999,2019-02-16T19:39:21.662351Z,1550363961.0
449,17.183944599999982,2019-02-16T20:39:21.662351Z,1550367561.0
450,17.296916599999967,2019-02-16T21:39:21.662351Z,1550371161.0
451,17.477566399999994,2019-02-16T22:39:21.662351Z,1550374761.0
452,17.422976999999968,2019-02-16T23:39:21.662351Z,1550378361.0
453,17.45313529999998,2019-02-17T00:39:21.662351Z,1550381961.0
454,17.620571699999964,2019-02-17T01:39:21.662351Z,1550385561.0
455,17.501166499999975,2019-02-17T02:39:21.662351Z,1550389161.0
456,17.71043199999999,2019-02-17T03:39:21.662351Z,1550392761.0
457,17.864100699999987,2019-02-17T04:39:21.662351Z,1550396361.0
458,17.72508709999999,2019-02-17T05:39:21.662351Z,1550399961.0
459,17.65437929999998,2019-02-17T06:39:21.662351Z,1550403561.0
460,17.844691000000005,2019-02-17T07:39:21.662351Z,1550407161.0
461,17.742511400000005,2019-02-17T08:39:21.662351Z,1550410761.0
462,17.520698299999985,2019-02-17T09:39:21.662351Z,1550414361.0
463,17.331252400000004,2019-02-17T10:39:21.662351Z,1550417961.0
464,17.19537159999998,2019-02-17T11:39:21.662351Z,1550421561.0
465,17.3393991,2019-02-17T12:39:21.662351Z,1550425161.0
466,17.298158199999982,2019-02-17T13:39:21.662351Z,1550428761.0
467,17.153319900000007,2019-02-17T14:39:21.662351Z,1550432361.0
468,16.918195099999984,2019-02-17T15:39:21.662351Z,1550435961.0
469,16.864575299999977,2019-02-17T16:39:21.662351Z,1550439561.0
470,16.673593099999998,2019-02-17T17:39:21.662351Z,1550443161.0
471,16.941082499999986,2019-02-17T18:39:21.662351Z,1550446761.0
472,16.692101899999976,2019-02-17T19:39:21.662351Z,1550450361.0
473,16.84274979999997,2019-02-17T20:39:21.662351Z,1550453961.0
474,17.057752999999984,2019-02-17T21:39:21.662351Z,1550457561.0
475,16.854686999999977,2019-02-17T22:39:21.662351Z,1550461161.0
476,17.15958650000001,2019-02-17T23:39:21.662351Z,1550464761.0
477,16.963273000000008,2019-02-18T00:39:21.662351Z,1550468361.0
478,17.1203054,2019-02-18T01:39:21.662351Z,1550471961.0
479,16.920577099999996,2019-02-18T02:39:21.662351Z,1550475561.0
480,17.074201399999986,2019-02-18T03:39:21.662351Z,1550479161.0
481,17.221013399999997,2019-02-18T04:39:21.662351Z,1550482761.0
482,17.057054299999997,2019-02-18T05:39:21.662351Z,1550486361.0
483,16.9243514,2019-02-18T06:39:21.662351Z,1550489961.0
484,16.82026240000001,2019-02-18T07:39:21.662351Z,1550493561.0
485,16.86187610000001,2019-02-18T08:39:21.662351Z,1550497161.0
486,17.04514409999998,2019-02-18T09:39:21.662351Z,1550500761.0
487,17.37292679999998,2019-02-18T10:39:21.662351Z,1550504361.0
488,17.635855799999966,2019-02-18T11:39:21.662351Z,1550507961.0
489,17.553819699999984,2019-02-18T12:39:21.662351Z,1550511561.0
490,17.53988119999996,2019-02-18T13:39:21.662351Z,1550515161.0
491,17.53872549999999,2019-02-18T14:39:21.662351Z,1550518761.0
492,17.513930699999996,2019-02-18T15:39:21.662351Z,1550522361.0
493,17.537585699999987,2019-02-18T16:39:21.662351Z,1550525961.0
494,17.810878799999976,2019-02-18T17:39:21.662351Z,1550529561.0
495,17.9163785,2019-02-18T18:39:21.662351Z,1550533161.0
496,18.235461500000007,2019-02-18T19:39:21.662351Z,1550536761.0
497,18.486242400000002,2019-02-18T20:39:21.662351Z,1550540361.0
498,18.56746709999998,2019-02-18T21:39:21.662351Z,1550543961.0
499,18.435400199999997,2019-02-18T22:39:21.662351Z,1550547561.0
500,18.461523899999996,2019-02-18T23:39:21.662351Z,1550551161.0
501,18.47414559999998,2019-02-19T00:39:21.662351Z,1550554761.0
502,18.476316699999977,2019-02-19T01:39:21.662351Z,1550558361.0
503,18.571830900000002,2019-02-19T02:39:21.662351Z,1550561961.0
504,18.440087099999992,2019-02-19T03:39:21.662351Z,1550565561.0
505,18.41898269999998,2019-02-19T04:39:21.662351Z,1550569161.0
506,18.373607299999968,2019-02-19T05:39:21.662351Z,1550572761.0
507,18.50593750000001,2019-02-19T06:39:21.662351Z,1550576361.0
508,18.444159699999993,2019-02-19T07:39:21.662351Z,1550579961.0
509,18.31253640000002,2019-02-19T08:39:21.662351Z,1550583561.0
510,18.21281019999997,2019-02-19T09:39:21.662351Z,1550587161.0
511,18.385528699999973,2019-02-19T10:39:21.662351Z,1550590761.0
512,18.468197499999995,2019-02-19T11:39:21.662351Z,1550594361.0
513,18.484350099999993,2019-02-19T12:39:21.662351Z,1550597961.0
514,18.50210119999999,2019-02-19T13:39:21.662351Z,1550601561.0
515,18.545018799999973,2019-02-19T14:39:21.662351Z,1550605161.0
516,18.3094379,2019-02-19T15:39:21.662351Z,1550608761.0
517,18.334453499999988,2019-02-19T16:39:21.662351Z,1550612361.0
518,18.39141879999996,2019-02-19T17:39:21.662351Z,1550615961.0
519,18.310446499999976,2019-02-19T18:39:21.662351Z,1550619561.0
520,18.190686299999975,2019-02-19T19:39:21.662351Z,1550623161.0
521,18.206358499999986,2019-02-19T20:39:21.662351Z,1550626761.0
522,18.205370199999997,2019-02-19T21:39:21.662351Z,1550630361.0
523,18.26790540000001,2019-02-19T22:39:21.662351Z,1550633961.0
524,18.238073000000007,2019-02-19T23:39:21.662351Z,1550637561.0
525,18.37004319999999,2019-02-20T00:39:21.662351Z,1550641161.0
526,18.319410999999995,2019-02-20T01:39:21.662351Z,1550644761.0
527,18.082548799999977,2019-02-20T02:39:21.662351Z,1550648361.0
528,17.947701699999975,2019-02-20T03:39:21.662351Z,1550651961.0
529,17.794933999999976,2019-02-20T04:39:21.662351Z,1550655561.0
530,17.680243599999976,2019-02-20T05:39:21.662351Z,1550659161.0
531,17.458189199999985,2019-02-20T06:39:21.662351Z,1550662761.0
532,17.36989529999999,2019-02-20T07:39:21.662351Z,1550666361.0
533,17.18029569999998,2019-02-20T08:39:21.662351Z,1550669961.0
534,17.407284499999996,2019-02-20T09:39:21.662351Z,1550673561.0
535,17.527879699999993,2019-02-20T10:39:21.662351Z,1550677161.0
536,17.737906900000006,2019-02-20T11:39:21.662351Z,1550680761.0
537,17.998394099999977,2019-02-20T12:39:21.662351Z,1550684361.0
538,18.00329569999996,2019-02-20T13:39:21.662351Z,1550687961.0
539,17.870495400000003,2019-02-20T14:39:21.662351Z,1550691561.0
540,18.060258999999995,2019-02-20T15:39:21.662351Z,1550695161.0
541,18.112152799999983,2019-02-20T16:39:21.662351Z,1550698761.0
542,18.409792099999997,2019-02-20T17:39:21.662351Z,1550702361.0
543,18.442615900000014,2019-02-20T18:39:21.662351Z,1550705961.0
544,18.453194599999982,2019-02-20T19:39:21.662351Z,1550709561.0
545,18.712721399999985,2019-02-20T20:39:21.662351Z,1550713161.0
546,18.496247500000003,2019-02-20T21:39:21.662351Z,1550716761.0
547,18.548529299999977,2019-02-20T22:39:21.662351Z,1550720361.0
548,18.49795729999996,2019-02-20T23:39:21.662351Z,1550723961.0
549,18.508365699999977,2019-02-21T00:39:21.662351Z,1550727561.0
550,18.431008899999988,2019-02-21T01:39:21.662351Z,1550731161.0
551,18.534576599999973,2019-02-21T02:39:21.662351Z,1550734761.0
552,18.686924199999986,2019-02-21T03:39:21.662351Z,1550738361.0
553,18.725093599999973,2019-02-21T04:39:21.662351Z,1550741961.0
554,18.62223949999997,2019-02-21T05:39:21.662351Z,1550745561.0
555,18.755748099999998,2019-02-21T06:39:21.662351Z,1550749161.0
556,18.589872399999983,2019-02-21T07:39:21.662351Z,1550752761.0
557,18.45233799999999,2019-02-21T08:39:21.662351Z,1550756361.0
558,18.417540999999993,2019-02-21T09:39:21.662351Z,1550759961.0
559,18.14038949999999,2019-02-21T10:39:21.662351Z,1550763561.0
560,18.180225099999994,2019-02-21T11:39:21.662351Z,1550767161.0
561,18.046205199999967,2019-02-21T12:39:21.662351Z,1550770761.0
562,18.181757199999986,2019-02-21T13:39:21.662351Z,1550774361.0
563,18.347451199999988,2019-02-21T14:39:21.662351Z,1550777961.0
564,18.35286899999999,2019-02-21T15:39:21.662351Z,1550781561.0
565,18.14438029999996,2019-02-21T16:39:21.662351Z,1550785161.0
566,18.063194299999985,2019-02-21T17:39:21.662351Z,1550788761.0
567,17.950550699999972,2019-02-21T18:39:21.662351Z,1550792361.0
